label,count,precision_Int_ResGAT,precision_ESM-3,recall_Int_ResGAT,recall_ESM-3,bin
0,0,0.0,0.0,0.0,0.0,0-5
1,116,0.8541666666666666,1.0,0.7068965517241379,0.02586206896551724,100-500
2,3,1.0,0.0,1.0,0.0,0-5
3,0,0.0,0.0,0.0,0.0,0-5
4,1,1.0,0.0,1.0,0.0,0-5
5,0,0.0,0.0,0.0,0.0,0-5
6,3,1.0,0.0,1.0,0.0,0-5
7,0,0.0,0.0,0.0,0.0,0-5
8,1,1.0,0.0,1.0,0.0,0-5
9,3,0.0,0.0,0.0,0.0,0-5
10,1,1.0,0.0,1.0,0.0,0-5
11,1,1.0,0.0,1.0,0.0,0-5
12,22,0.9130434782608695,0.6956521739130435,0.9545454545454546,0.7272727272727273,10-50
13,3,1.0,0.0,1.0,0.0,0-5
14,13,0.7692307692307693,0.30952380952380953,0.7692307692307693,1.0,10-50
15,2,0.0,0.0,0.0,0.0,0-5
16,1,1.0,0.0,1.0,0.0,0-5
17,2,1.0,0.0,1.0,0.0,0-5
18,8,0.8888888888888888,0.0,1.0,0.0,5-10
19,1,0.5,0.02127659574468085,1.0,1.0,0-5
20,1,0.0,0.0,0.0,0.0,0-5
21,2,1.0,0.5,1.0,1.0,0-5
22,71,1.0,1.0,1.0,1.0,50-100
23,0,0.0,0.0,0.0,0.0,0-5
24,3,0.5,0.0,0.6666666666666666,0.0,0-5
25,1,0.5,0.0,1.0,0.0,0-5
26,1,0.5,0.0,1.0,0.0,0-5
27,2,1.0,0.0,1.0,0.0,0-5
28,0,0.0,0.0,0.0,0.0,0-5
29,9,1.0,1.0,1.0,1.0,5-10
30,4,1.0,0.6666666666666666,1.0,1.0,0-5
31,2,1.0,0.0,0.5,0.0,0-5
32,1,0.5,0.0,1.0,0.0,0-5
33,3,0.25,0.15789473684210525,0.6666666666666666,1.0,0-5
34,5,0.8333333333333334,0.0,1.0,0.0,5-10
35,2,0.0,0.0,0.0,0.0,0-5
36,0,0.0,0.0,0.0,0.0,0-5
37,2,0.0,0.0,0.0,0.0,0-5
38,1,1.0,0.0,1.0,0.0,0-5
39,8,1.0,1.0,1.0,1.0,5-10
40,7,1.0,1.0,1.0,1.0,5-10
41,2,1.0,0.0,1.0,0.0,0-5
42,3,0.5,0.0,0.3333333333333333,0.0,0-5
43,4,1.0,0.0,1.0,0.0,0-5
44,1,0.0,0.0,0.0,0.0,0-5
45,0,0.0,0.0,0.0,0.0,0-5
46,4,1.0,1.0,1.0,1.0,0-5
47,1,1.0,0.05555555555555555,1.0,1.0,0-5
48,0,0.0,0.0,0.0,0.0,0-5
49,0,0.0,0.0,0.0,0.0,0-5
50,1,1.0,0.0,1.0,0.0,0-5
51,1,1.0,0.0,1.0,0.0,0-5
52,23,0.9565217391304348,0.696969696969697,0.9565217391304348,1.0,10-50
53,0,0.0,0.0,0.0,0.0,0-5
54,1,1.0,0.0,1.0,0.0,0-5
55,3,1.0,0.038461538461538464,0.6666666666666666,0.3333333333333333,0-5
56,0,0.0,0.0,0.0,0.0,0-5
57,0,0.0,0.0,0.0,0.0,0-5
58,0,0.0,0.0,0.0,0.0,0-5
59,3,1.0,0.0,1.0,0.0,0-5
60,20,1.0,1.0,1.0,0.9,10-50
61,54,1.0,0.9,1.0,1.0,50-100
62,0,0.0,0.0,0.0,0.0,0-5
63,1,1.0,0.0,1.0,0.0,0-5
64,1,1.0,0.0,1.0,0.0,0-5
65,0,0.0,0.0,0.0,0.0,0-5
66,1,1.0,0.0,1.0,0.0,0-5
67,147,1.0,0.9932432432432432,1.0,1.0,100-500
68,15,0.9375,0.8333333333333334,1.0,1.0,10-50
69,1,1.0,0.0,1.0,0.0,0-5
70,5,1.0,0.0,0.6,0.0,5-10
71,1,1.0,0.0,1.0,0.0,0-5
72,96,0.979381443298969,1.0,0.9895833333333334,0.96875,50-100
73,5,1.0,0.0,1.0,0.0,5-10
74,0,0.0,0.0,0.0,0.0,0-5
75,5,0.8333333333333334,1.0,1.0,1.0,5-10
76,8,0.8,0.0,1.0,0.0,5-10
77,4,0.8,0.0,1.0,0.0,0-5
78,1,0.0,0.0,0.0,0.0,0-5
79,45,1.0,0.9183673469387755,1.0,1.0,10-50
80,1,0.5,0.0,1.0,0.0,0-5
81,1,0.5,0.0,1.0,0.0,0-5
82,11,1.0,1.0,1.0,0.36363636363636365,10-50
83,3,1.0,0.0,0.6666666666666666,0.0,0-5
84,7,0.875,0.16666666666666666,1.0,0.42857142857142855,5-10
85,0,0.0,0.0,0.0,0.0,0-5
86,5,0.7142857142857143,0.0,1.0,0.0,5-10
87,26,0.9629629629629629,0.9629629629629629,1.0,1.0,10-50
88,8,0.8,0.0,1.0,0.0,5-10
89,6,1.0,0.75,1.0,1.0,5-10
90,11,0.9166666666666666,0.4583333333333333,1.0,1.0,10-50
91,3,0.75,0.0,1.0,0.0,0-5
92,3,0.75,0.0,1.0,0.0,0-5
93,2,0.6666666666666666,0.4,1.0,1.0,0-5
94,18,1.0,0.8571428571428571,1.0,1.0,10-50
95,1,0.0,0.0,0.0,0.0,0-5
96,41,1.0,1.0,1.0,1.0,10-50
97,2,0.6666666666666666,0.0,1.0,0.0,0-5
98,1,0.0,0.0,0.0,0.0,0-5
99,0,0.0,0.0,0.0,0.0,0-5
100,171,0.9940119760479041,0.9395604395604396,0.9707602339181286,1.0,100-500
101,0,0.0,0.0,0.0,0.0,0-5
102,2,1.0,0.0,1.0,0.0,0-5
103,39,0.9743589743589743,0.8125,0.9743589743589743,1.0,10-50
104,2,0.0,0.0,0.0,0.0,0-5
105,2,1.0,0.0,0.5,0.0,0-5
106,1,0.0,0.0,0.0,0.0,0-5
107,5,0.8333333333333334,0.2,1.0,0.2,5-10
108,4,1.0,1.0,1.0,1.0,0-5
109,8,0.8888888888888888,1.0,1.0,0.125,5-10
110,1,1.0,0.0,1.0,0.0,0-5
111,21,1.0,1.0,1.0,1.0,10-50
112,7,1.0,0.0,0.7142857142857143,0.0,5-10
113,21,0.9545454545454546,0.9545454545454546,1.0,1.0,10-50
114,0,0.0,0.0,0.0,0.0,0-5
115,0,0.0,0.0,0.0,0.0,0-5
116,0,0.0,0.0,0.0,0.0,0-5
117,1,1.0,0.0,1.0,0.0,0-5
118,1,1.0,0.0,1.0,0.0,0-5
119,3,1.0,0.0,0.3333333333333333,0.0,0-5
120,35,0.9210526315789473,0.5932203389830508,1.0,1.0,10-50
121,0,0.0,0.0,0.0,0.0,0-5
122,12,0.9166666666666666,1.0,0.9166666666666666,1.0,10-50
123,1,0.0,0.0,0.0,0.0,0-5
124,2,1.0,0.0,1.0,0.0,0-5
125,180,0.989010989010989,0.989010989010989,1.0,1.0,100-500
126,172,0.9942196531791907,0.9942196531791907,1.0,1.0,100-500
127,4,1.0,0.0,0.75,0.0,0-5
128,0,0.0,0.0,0.0,0.0,0-5
129,0,0.0,0.0,0.0,0.0,0-5
130,3,1.0,0.0,0.6666666666666666,0.0,0-5
131,3,0.0,0.0,0.0,0.0,0-5
132,1,0.25,0.0,1.0,0.0,0-5
133,3,1.0,1.0,1.0,1.0,0-5
134,3,1.0,0.0,1.0,0.0,0-5
135,5,1.0,0.5,1.0,1.0,5-10
136,1,1.0,0.0,1.0,0.0,0-5
137,0,0.0,0.0,0.0,0.0,0-5
138,4,1.0,0.0,1.0,0.0,0-5
139,2,1.0,0.0,1.0,0.0,0-5
140,0,0.0,0.0,0.0,0.0,0-5
141,4,1.0,0.0,1.0,0.0,0-5
142,2,1.0,0.0,1.0,0.0,0-5
143,8,1.0,0.8888888888888888,1.0,1.0,5-10
144,6,0.8,0.0,0.6666666666666666,0.0,5-10
145,1,1.0,0.0,1.0,0.0,0-5
146,36,1.0,0.9,1.0,1.0,10-50
147,2,1.0,0.0,1.0,0.0,0-5
148,17,0.55,0.0,0.6470588235294118,0.0,10-50
149,4,1.0,0.0,1.0,0.0,0-5
150,5,1.0,0.0,1.0,0.0,5-10
151,0,0.0,0.0,0.0,0.0,0-5
152,4,1.0,0.5714285714285714,1.0,1.0,0-5
153,2,1.0,0.0,0.5,0.0,0-5
154,0,0.0,0.0,0.0,0.0,0-5
155,0,0.0,0.0,0.0,0.0,0-5
156,108,1.0,0.907563025210084,1.0,1.0,100-500
157,57,0.9782608695652174,1.0,0.7894736842105263,0.2631578947368421,50-100
158,1,0.0,0.0,0.0,0.0,0-5
159,4,0.5714285714285714,0.3333333333333333,1.0,1.0,0-5
160,0,0.0,0.0,0.0,0.0,0-5
161,8,0.8888888888888888,0.17391304347826086,1.0,1.0,5-10
162,1,1.0,0.0,1.0,0.0,0-5
163,2,1.0,0.0,1.0,0.0,0-5
164,1,0.3333333333333333,0.0,1.0,0.0,0-5
165,18,1.0,0.6538461538461539,1.0,0.9444444444444444,10-50
166,3,1.0,0.0,1.0,0.0,0-5
167,39,1.0,0.8666666666666667,1.0,1.0,10-50
168,43,0.9534883720930233,0.9534883720930233,0.9534883720930233,0.9534883720930233,10-50
169,0,0.0,0.0,0.0,0.0,0-5
170,1,1.0,0.0,1.0,0.0,0-5
171,9,0.8181818181818182,0.5625,1.0,1.0,5-10
172,4,1.0,0.0,1.0,0.0,0-5
173,0,0.0,0.0,0.0,0.0,0-5
174,14,1.0,1.0,1.0,1.0,10-50
175,20,1.0,0.9523809523809523,1.0,1.0,10-50
176,1,1.0,0.0,1.0,0.0,0-5
177,3,0.6,0.0,1.0,0.0,0-5
178,4,1.0,0.0,0.75,0.0,0-5
179,2,1.0,0.2857142857142857,1.0,1.0,0-5
180,3,1.0,1.0,1.0,1.0,0-5
181,3,1.0,0.0,1.0,0.0,0-5
182,1,1.0,1.0,1.0,1.0,0-5
183,0,0.0,0.0,0.0,0.0,0-5
184,15,0.9375,1.0,1.0,1.0,10-50
185,3,1.0,0.42857142857142855,1.0,1.0,0-5
186,3,1.0,0.0,1.0,0.0,0-5
187,1,1.0,0.0,1.0,0.0,0-5
188,5,1.0,0.0,1.0,0.0,5-10
189,1,0.0,0.0,0.0,0.0,0-5
190,6,1.0,1.0,1.0,1.0,5-10
191,4,1.0,0.0,1.0,0.0,0-5
192,1,1.0,0.0,1.0,0.0,0-5
193,158,0.9937106918238994,1.0,1.0,1.0,100-500
194,2,0.6666666666666666,0.25,1.0,1.0,0-5
195,53,0.9454545454545454,0.8125,0.9811320754716981,0.24528301886792453,50-100
196,1,0.5,0.05,1.0,1.0,0-5
197,141,1.0,1.0,1.0,0.9929078014184397,100-500
198,7,1.0,0.7,1.0,1.0,5-10
199,18,1.0,0.782608695652174,1.0,1.0,10-50
200,5,0.25,0.0,0.2,0.0,5-10
201,12,0.9166666666666666,0.11764705882352941,0.9166666666666666,1.0,10-50
202,1,0.0,0.0,0.0,0.0,0-5
203,3,1.0,0.0,0.3333333333333333,0.0,0-5
204,1,0.0,0.0,0.0,0.0,0-5
205,1,0.0,0.0,0.0,0.0,0-5
206,0,0.0,0.0,0.0,0.0,0-5
207,45,0.9772727272727273,0.8490566037735849,0.9555555555555556,1.0,10-50
208,1,1.0,0.0,1.0,0.0,0-5
209,4,1.0,0.03305785123966942,1.0,1.0,0-5
210,3,0.5,0.0,0.6666666666666666,0.0,0-5
211,23,1.0,1.0,1.0,0.8695652173913043,10-50
212,70,0.9855072463768116,0.6666666666666666,0.9714285714285714,1.0,50-100
213,9,0.8,0.0,0.8888888888888888,0.0,5-10
214,3,1.0,0.0,1.0,0.0,0-5
215,2,0.0,0.0,0.0,0.0,0-5
216,1,0.0,0.0,0.0,0.0,0-5
217,5,0.625,0.0,1.0,0.0,5-10
218,2,1.0,0.0,1.0,0.0,0-5
219,0,0.0,0.0,0.0,0.0,0-5
220,2,0.5,0.08695652173913043,0.5,1.0,0-5
221,0,0.0,0.0,0.0,0.0,0-5
222,18,1.0,0.8181818181818182,1.0,1.0,10-50
223,0,0.0,0.0,0.0,0.0,0-5
224,2,1.0,0.0,1.0,0.0,0-5
225,36,0.8125,0.0,0.7222222222222222,0.0,10-50
226,1,1.0,0.0,1.0,0.0,0-5
227,4,0.6666666666666666,0.0,0.5,0.0,0-5
228,111,1.0,0.0,1.0,0.0,100-500
229,1,1.0,0.0,1.0,0.0,0-5
230,2,1.0,0.0,1.0,0.0,0-5
231,0,0.0,0.0,0.0,0.0,0-5
232,1,0.5,0.0,1.0,0.0,0-5
233,0,0.0,0.0,0.0,0.0,0-5
234,2,0.0,0.0,0.0,0.0,0-5
235,3,0.6666666666666666,0.0,0.6666666666666666,0.0,0-5
236,1,0.0,0.0,0.0,0.0,0-5
237,2,0.5,0.0,0.5,0.0,0-5
238,21,1.0,1.0,1.0,0.7619047619047619,10-50
239,184,0.9945945945945946,1.0,1.0,1.0,100-500
240,41,1.0,1.0,1.0,1.0,10-50
241,23,1.0,0.0,1.0,0.0,10-50
242,5,0.5555555555555556,0.0,1.0,0.0,5-10
243,38,0.8571428571428571,0.0,0.9473684210526315,0.0,10-50
244,16,1.0,1.0,1.0,1.0,10-50
245,1,1.0,0.0,1.0,0.0,0-5
246,3,1.0,0.0,1.0,0.0,0-5
247,1,0.0,0.0,0.0,0.0,0-5
248,0,0.0,0.0,0.0,0.0,0-5
249,5,1.0,1.0,1.0,1.0,5-10
250,1,1.0,1.0,1.0,1.0,0-5
251,5,1.0,1.0,1.0,0.6,5-10
252,0,0.0,0.0,0.0,0.0,0-5
253,2,1.0,0.5,1.0,1.0,0-5
254,7,1.0,0.2692307692307692,1.0,1.0,5-10
255,3,1.0,0.3,0.6666666666666666,1.0,0-5
256,1,0.2,0.0,1.0,0.0,0-5
257,4,1.0,0.0,0.25,0.0,0-5
258,0,0.0,0.0,0.0,0.0,0-5
259,0,0.0,0.0,0.0,0.0,0-5
260,39,0.9,0.8846153846153846,0.6923076923076923,0.5897435897435898,10-50
261,2,0.0,0.0,0.0,0.0,0-5
262,14,1.0,0.8235294117647058,1.0,1.0,10-50
263,9,1.0,1.0,1.0,1.0,5-10
264,6,1.0,1.0,1.0,1.0,5-10
265,3,1.0,0.0,1.0,0.0,0-5
266,4,1.0,0.0,1.0,0.0,0-5
267,30,0.8571428571428571,0.7142857142857143,1.0,1.0,10-50
268,2,1.0,1.0,1.0,1.0,0-5
269,1,1.0,0.0,1.0,0.0,0-5
270,2,1.0,0.0,1.0,0.0,0-5
271,0,0.0,0.0,0.0,0.0,0-5
272,2,0.4,0.18181818181818182,1.0,1.0,0-5
273,1,0.5,0.0,1.0,0.0,0-5
274,1,0.0,0.0,0.0,0.0,0-5
275,0,0.0,0.0,0.0,0.0,0-5
276,37,1.0,1.0,1.0,1.0,10-50
277,0,0.0,0.0,0.0,0.0,0-5
278,8,1.0,0.0,1.0,0.0,5-10
279,0,0.0,0.0,0.0,0.0,0-5
280,35,0.9615384615384616,0.9210526315789473,0.7142857142857143,1.0,10-50
281,1,1.0,0.0,1.0,0.0,0-5
282,155,1.0,1.0,1.0,1.0,100-500
283,2,1.0,1.0,1.0,1.0,0-5
284,2,0.5,0.0,0.5,0.0,0-5
285,67,1.0,1.0,1.0,1.0,50-100
286,2,0.5,0.4,0.5,1.0,0-5
287,0,0.0,0.0,0.0,0.0,0-5
288,10,1.0,0.7142857142857143,1.0,1.0,10-50
289,128,0.9696969696969697,1.0,1.0,1.0,100-500
290,24,1.0,0.96,1.0,1.0,10-50
291,0,0.0,0.0,0.0,0.0,0-5
292,2,1.0,0.0,1.0,0.0,0-5
293,2,1.0,0.0,1.0,0.0,0-5
294,0,0.0,0.0,0.0,0.0,0-5
295,1,1.0,0.0,1.0,0.0,0-5
296,0,0.0,0.0,0.0,0.0,0-5
297,2,0.0,0.0,0.0,0.0,0-5
298,2,1.0,0.0,1.0,0.0,0-5
299,2,1.0,0.125,1.0,1.0,0-5
300,4,1.0,0.0,1.0,0.0,0-5
301,0,0.0,0.0,0.0,0.0,0-5
302,0,0.0,0.0,0.0,0.0,0-5
303,1,0.0,0.0,0.0,0.0,0-5
304,12,1.0,0.0,0.8333333333333334,0.0,10-50
305,14,1.0,0.6086956521739131,1.0,1.0,10-50
306,1,0.0,0.0,0.0,0.0,0-5
307,2,1.0,0.0,0.5,0.0,0-5
308,12,1.0,0.8461538461538461,0.9166666666666666,0.9166666666666666,10-50
309,3,0.0,0.0,0.0,0.0,0-5
310,2,1.0,1.0,1.0,1.0,0-5
311,7,0.8333333333333334,1.0,0.7142857142857143,0.14285714285714285,5-10
312,0,0.0,0.0,0.0,0.0,0-5
313,16,1.0,0.6956521739130435,1.0,1.0,10-50
314,2,1.0,0.0,0.5,0.0,0-5
315,9,1.0,0.3103448275862069,0.8888888888888888,1.0,5-10
316,12,0.9230769230769231,0.0,1.0,0.0,10-50
317,0,0.0,0.0,0.0,0.0,0-5
318,0,0.0,0.0,0.0,0.0,0-5
319,2,0.0,0.0,0.0,0.0,0-5
320,14,1.0,1.0,1.0,1.0,10-50
321,8,1.0,0.7272727272727273,0.875,1.0,5-10
322,0,0.0,0.0,0.0,0.0,0-5
323,5,0.5714285714285714,0.0,0.8,0.0,5-10
324,1,1.0,0.0,1.0,0.0,0-5
325,2,1.0,0.0,1.0,0.0,0-5
326,2,1.0,0.0,1.0,0.0,0-5
327,5,1.0,1.0,1.0,0.6,5-10
328,0,0.0,0.0,0.0,0.0,0-5
329,6,1.0,1.0,1.0,0.8333333333333334,5-10
330,2,1.0,0.0,1.0,0.0,0-5
331,1,1.0,1.0,1.0,1.0,0-5
332,2,1.0,0.0,1.0,0.0,0-5
333,4,1.0,0.0,1.0,0.0,0-5
334,4,0.8,0.0,1.0,0.0,0-5
335,4,1.0,1.0,1.0,1.0,0-5
336,1,0.3333333333333333,0.0,1.0,0.0,0-5
337,126,1.0,0.9197080291970803,1.0,1.0,100-500
338,69,0.9855072463768116,1.0,0.9855072463768116,0.855072463768116,50-100
339,9,1.0,0.0,1.0,0.0,5-10
340,1,1.0,0.0,1.0,0.0,0-5
341,1,0.0,0.0,0.0,0.0,0-5
342,2,1.0,0.0,1.0,0.0,0-5
343,6,1.0,0.5454545454545454,1.0,1.0,5-10
344,24,1.0,1.0,1.0,1.0,10-50
345,8,1.0,0.7272727272727273,1.0,1.0,5-10
346,1,1.0,0.0,1.0,0.0,0-5
347,6,1.0,1.0,1.0,1.0,5-10
348,0,0.0,0.0,0.0,0.0,0-5
349,12,1.0,0.3,1.0,1.0,10-50
350,81,1.0,1.0,1.0,1.0,50-100
351,8,1.0,1.0,1.0,1.0,5-10
352,65,1.0,0.9848484848484849,1.0,1.0,50-100
353,0,0.0,0.0,0.0,0.0,0-5
354,28,1.0,0.0,1.0,0.0,10-50
355,0,0.0,0.0,0.0,0.0,0-5
356,2,1.0,0.0,1.0,0.0,0-5
357,4,1.0,1.0,1.0,0.25,0-5
358,110,0.9574468085106383,0.0,0.8181818181818182,0.0,100-500
359,1,0.0,0.0,0.0,0.0,0-5
360,1,0.5,0.0,1.0,0.0,0-5
361,1,1.0,0.0,1.0,0.0,0-5
362,0,0.0,0.0,0.0,0.0,0-5
363,59,1.0,0.9824561403508771,0.9830508474576272,0.9491525423728814,50-100
364,0,0.0,0.0,0.0,0.0,0-5
365,0,0.0,0.0,0.0,0.0,0-5
366,1,0.0,0.0,0.0,0.0,0-5
367,0,0.0,0.0,0.0,0.0,0-5
368,0,0.0,0.0,0.0,0.0,0-5
369,0,0.0,0.0,0.0,0.0,0-5
370,1,1.0,0.0,1.0,0.0,0-5
371,0,0.0,0.0,0.0,0.0,0-5
372,0,0.0,0.0,0.0,0.0,0-5
373,85,1.0,0.9550561797752809,1.0,1.0,50-100
374,19,1.0,0.9047619047619048,1.0,1.0,10-50
375,0,0.0,0.0,0.0,0.0,0-5
376,107,0.9907407407407407,0.8991596638655462,1.0,1.0,100-500
377,27,1.0,0.9642857142857143,1.0,1.0,10-50
378,29,0.9666666666666667,0.7435897435897436,1.0,1.0,10-50
379,59,1.0,0.9365079365079365,1.0,1.0,50-100
380,25,1.0,0.7272727272727273,1.0,0.96,10-50
381,52,0.9629629629629629,0.6265060240963856,1.0,1.0,50-100
382,186,0.9946524064171123,0.9253731343283582,1.0,1.0,100-500
383,1,0.0,0.0,0.0,0.0,0-5
384,0,0.0,0.0,0.0,0.0,0-5
385,1,1.0,0.0,1.0,0.0,0-5
386,5,1.0,0.7142857142857143,1.0,1.0,5-10
387,6,1.0,0.0,1.0,0.0,5-10
388,0,0.0,0.0,0.0,0.0,0-5
389,1,1.0,0.0,1.0,0.0,0-5
390,2,1.0,0.0,1.0,0.0,0-5
391,11,0.9166666666666666,0.5238095238095238,1.0,1.0,10-50
392,5,1.0,0.0,1.0,0.0,5-10
393,3,0.75,0.0,1.0,0.0,0-5
394,162,0.9818181818181818,0.993103448275862,1.0,0.8888888888888888,100-500
395,2,1.0,0.0,0.5,0.0,0-5
396,34,1.0,0.9393939393939394,0.9117647058823529,0.9117647058823529,10-50
397,5,0.3333333333333333,0.5,0.4,0.2,5-10
398,1,0.5,0.0,1.0,0.0,0-5
399,111,0.9322033898305084,0.9327731092436975,0.990990990990991,1.0,100-500
400,2,1.0,0.0,1.0,0.0,0-5
401,1,0.0,0.0,0.0,0.0,0-5
402,5,1.0,1.0,1.0,1.0,5-10
403,7,1.0,0.5,1.0,0.5714285714285714,5-10
404,16,1.0,0.8888888888888888,1.0,1.0,10-50
405,6,0.6,0.17142857142857143,1.0,1.0,5-10
406,87,0.9886363636363636,0.9886363636363636,1.0,1.0,50-100
407,4,0.6666666666666666,0.5714285714285714,1.0,1.0,0-5
408,1,0.0,0.0,0.0,0.0,0-5
409,2,1.0,1.0,1.0,1.0,0-5
410,170,1.0,1.0,1.0,1.0,100-500
411,1,0.0,0.0,0.0,0.0,0-5
412,4,1.0,0.8,1.0,1.0,0-5
413,2,1.0,1.0,1.0,0.5,0-5
414,6,1.0,1.0,0.8333333333333334,0.5,5-10
415,0,0.0,0.0,0.0,0.0,0-5
416,1,1.0,1.0,1.0,1.0,0-5
417,2,1.0,0.0,1.0,0.0,0-5
418,1,1.0,0.0,1.0,0.0,0-5
419,6,1.0,1.0,1.0,1.0,5-10
420,6,1.0,0.0,1.0,0.0,5-10
421,21,1.0,1.0,1.0,1.0,10-50
422,5,1.0,0.6666666666666666,1.0,0.4,5-10
423,138,1.0,1.0,1.0,1.0,100-500
424,218,0.9705882352941176,0.0,0.7568807339449541,0.0,100-500
425,1,1.0,0.0,1.0,0.0,0-5
426,11,0.9166666666666666,0.0,1.0,0.0,10-50
427,2,0.0,0.0,0.0,0.0,0-5
428,2,0.3333333333333333,0.15384615384615385,1.0,1.0,0-5
429,1,1.0,0.0,1.0,0.0,0-5
430,4,1.0,0.25,1.0,1.0,0-5
431,2,1.0,0.0,1.0,0.0,0-5
432,0,0.0,0.0,0.0,0.0,0-5
433,11,0.6875,0.8888888888888888,1.0,0.7272727272727273,10-50
434,0,0.0,0.0,0.0,0.0,0-5
435,1,1.0,0.1111111111111111,1.0,1.0,0-5
436,1,1.0,0.125,1.0,1.0,0-5
437,3,0.0,0.0,0.0,0.0,0-5
438,5,1.0,1.0,1.0,0.8,5-10
439,2,1.0,0.0,1.0,0.0,0-5
440,2,0.0,0.0,0.0,0.0,0-5
441,1,1.0,0.0,1.0,0.0,0-5
442,0,0.0,0.0,0.0,0.0,0-5
443,2,0.0,0.0,0.0,0.0,0-5
444,0,0.0,0.0,0.0,0.0,0-5
445,0,0.0,0.0,0.0,0.0,0-5
446,9,0.6923076923076923,0.06923076923076923,1.0,1.0,5-10
447,19,1.0,0.8260869565217391,1.0,1.0,10-50
448,8,1.0,1.0,1.0,1.0,5-10
449,2,0.5,0.0,0.5,0.0,0-5
450,15,1.0,0.9,0.8666666666666667,0.6,10-50
451,9,0.9,1.0,1.0,1.0,5-10
452,0,0.0,0.0,0.0,0.0,0-5
453,3,1.0,0.0,1.0,0.0,0-5
454,1,0.0,0.0,0.0,0.0,0-5
455,2,1.0,0.0,1.0,0.0,0-5
456,1,0.5,0.0,1.0,0.0,0-5
457,189,0.9947368421052631,0.9792746113989638,1.0,1.0,100-500
458,59,0.9833333333333333,0.9428571428571428,1.0,0.559322033898305,50-100
459,3,0.75,0.0,1.0,0.0,0-5
460,3,0.6,1.0,1.0,0.6666666666666666,0-5
461,3,1.0,0.0,1.0,0.0,0-5
462,2,1.0,0.0,1.0,0.0,0-5
463,8,1.0,0.0,1.0,0.0,5-10
464,121,0.9669421487603306,0.9236641221374046,0.9669421487603306,1.0,100-500
465,2,0.25,0.0,0.5,0.0,0-5
466,140,1.0,1.0,1.0,1.0,100-500
467,101,0.9901960784313726,0.9711538461538461,1.0,1.0,100-500
468,9,0.9,0.0,1.0,0.0,5-10
469,77,0.9868421052631579,0.9390243902439024,0.974025974025974,1.0,50-100
470,10,1.0,0.3103448275862069,0.9,0.9,10-50
471,5,1.0,1.0,1.0,1.0,5-10
472,6,0.8571428571428571,0.0,1.0,0.0,5-10
473,2,0.6666666666666666,0.0,1.0,0.0,0-5
474,5,1.0,0.35714285714285715,1.0,1.0,5-10
475,63,1.0,0.8513513513513513,0.9841269841269841,1.0,50-100
476,2,0.0,0.0,0.0,0.0,0-5
477,8,1.0,1.0,1.0,1.0,5-10
478,0,0.0,0.0,0.0,0.0,0-5
479,3,0.75,0.0,1.0,0.0,0-5
480,15,0.8333333333333334,0.4838709677419355,1.0,1.0,10-50
481,2,1.0,0.0,1.0,0.0,0-5
482,1,1.0,0.25,1.0,1.0,0-5
483,2,1.0,0.2,1.0,1.0,0-5
484,0,0.0,0.0,0.0,0.0,0-5
485,1,1.0,0.0,1.0,0.0,0-5
486,2,0.6666666666666666,0.6666666666666666,1.0,1.0,0-5
487,17,1.0,1.0,1.0,1.0,10-50
488,9,1.0,0.20833333333333334,0.8888888888888888,0.5555555555555556,5-10
489,5,1.0,0.0,1.0,0.0,5-10
490,43,0.9555555555555556,0.8947368421052632,1.0,0.7906976744186046,10-50
491,1,1.0,0.0,1.0,0.0,0-5
492,7,1.0,0.0,1.0,0.0,5-10
493,5,0.8333333333333334,0.0,1.0,0.0,5-10
494,72,0.9861111111111112,0.4,0.9861111111111112,0.3611111111111111,50-100
495,5,0.7142857142857143,0.0,1.0,0.0,5-10
496,13,1.0,1.0,1.0,1.0,10-50
497,11,1.0,1.0,1.0,0.8181818181818182,10-50
498,13,1.0,0.9285714285714286,1.0,1.0,10-50
499,5,0.6666666666666666,0.25,0.8,0.6,5-10
500,3,0.6666666666666666,0.0,0.6666666666666666,0.0,0-5
501,0,0.0,0.0,0.0,0.0,0-5
502,66,0.984375,0.43478260869565216,0.9545454545454546,0.45454545454545453,50-100
503,13,0.9090909090909091,0.6470588235294118,0.7692307692307693,0.8461538461538461,10-50
504,3,0.0,0.0,0.0,0.0,0-5
505,3,0.5,0.375,1.0,1.0,0-5
506,1,0.0,0.0,0.0,0.0,0-5
507,7,1.0,1.0,1.0,1.0,5-10
508,5,1.0,0.5555555555555556,0.8,1.0,5-10
509,3,0.75,0.0,1.0,0.0,0-5
510,11,1.0,0.6111111111111112,0.9090909090909091,1.0,10-50
511,2,0.0,0.0,0.0,0.0,0-5
512,41,0.82,0.6721311475409836,1.0,1.0,10-50
513,0,0.0,0.0,0.0,0.0,0-5
514,21,1.0,0.3684210526315789,1.0,1.0,10-50
515,2,1.0,0.0,1.0,0.0,0-5
516,4,1.0,0.26666666666666666,1.0,1.0,0-5
517,25,0.8947368421052632,1.0,0.68,0.08,10-50
518,0,0.0,0.0,0.0,0.0,0-5
519,2,1.0,0.0,1.0,0.0,0-5
520,0,0.0,0.0,0.0,0.0,0-5
521,8,1.0,0.0,1.0,0.0,5-10
522,2,1.0,0.0,1.0,0.0,0-5
523,2,1.0,0.0,1.0,0.0,0-5
524,68,0.9642857142857143,0.7532467532467533,0.7941176470588235,0.8529411764705882,50-100
525,11,0.4090909090909091,0.4444444444444444,0.8181818181818182,0.7272727272727273,10-50
526,3,1.0,0.0,1.0,0.0,0-5
527,2,0.5,0.0,1.0,0.0,0-5
528,34,0.9411764705882353,0.96,0.9411764705882353,0.7058823529411765,10-50
529,5,0.5714285714285714,0.23076923076923078,0.8,0.6,5-10
530,4,1.0,0.0,1.0,0.0,0-5
531,4,0.75,0.4444444444444444,0.75,1.0,0-5
532,4,0.8,0.0,1.0,0.0,0-5
533,19,1.0,0.8260869565217391,1.0,1.0,10-50
534,9,1.0,0.0,1.0,0.0,5-10
535,4,1.0,1.0,0.75,0.75,0-5
536,2,1.0,0.0,1.0,0.0,0-5
537,3,0.6,0.3,1.0,1.0,0-5
538,20,1.0,1.0,1.0,1.0,10-50
539,3,1.0,0.5,1.0,1.0,0-5
540,22,0.9523809523809523,0.7894736842105263,0.9090909090909091,0.6818181818181818,10-50
541,3,1.0,0.0,0.6666666666666666,0.0,0-5
542,4,1.0,1.0,1.0,1.0,0-5
543,23,1.0,1.0,1.0,1.0,10-50
544,45,0.8863636363636364,0.0,0.8666666666666667,0.0,10-50
545,2,0.5,0.0,0.5,0.0,0-5
546,2,1.0,0.0,1.0,0.0,0-5
547,0,0.0,0.0,0.0,0.0,0-5
548,2,1.0,0.0,1.0,0.0,0-5
549,0,0.0,0.0,0.0,0.0,0-5
550,1,1.0,0.0,1.0,0.0,0-5
551,7,1.0,0.0,1.0,0.0,5-10
552,0,0.0,0.0,0.0,0.0,0-5
553,6,1.0,0.0,0.16666666666666666,0.0,5-10
554,0,0.0,0.0,0.0,0.0,0-5
555,12,1.0,0.0,1.0,0.0,10-50
556,3,1.0,1.0,0.6666666666666666,1.0,0-5
557,2,1.0,0.6666666666666666,1.0,1.0,0-5
558,2,1.0,1.0,1.0,1.0,0-5
559,69,1.0,0.8625,1.0,1.0,50-100
560,2,0.6666666666666666,0.5,1.0,1.0,0-5
561,13,0.8666666666666667,0.6842105263157895,1.0,1.0,10-50
562,1,0.0,0.0,0.0,0.0,0-5
563,1,1.0,0.0625,1.0,1.0,0-5
564,4,0.8,0.6666666666666666,1.0,1.0,0-5
565,2,0.6666666666666666,0.0,1.0,0.0,0-5
566,1,0.0,0.0,0.0,0.0,0-5
567,1,1.0,0.0,1.0,0.0,0-5
568,0,0.0,0.0,0.0,0.0,0-5
569,0,0.0,0.0,0.0,0.0,0-5
570,2,0.0,0.0,0.0,0.0,0-5
571,2,1.0,0.0,1.0,0.0,0-5
572,0,0.0,0.0,0.0,0.0,0-5
573,3,1.0,0.0967741935483871,1.0,1.0,0-5
574,1,1.0,0.0,1.0,0.0,0-5
575,2,0.6666666666666666,0.0,1.0,0.0,0-5
576,3,1.0,0.0,1.0,0.0,0-5
577,1,1.0,0.0,1.0,0.0,0-5
578,2,1.0,0.0,1.0,0.0,0-5
579,3,1.0,1.0,1.0,1.0,0-5
580,2,1.0,0.2,1.0,1.0,0-5
581,1,0.5,0.0,1.0,0.0,0-5
582,4,1.0,0.25,0.75,0.25,0-5
583,2,1.0,0.5,1.0,1.0,0-5
584,52,1.0,1.0,1.0,1.0,50-100
585,5,1.0,1.0,1.0,0.6,5-10
586,11,1.0,0.9166666666666666,1.0,1.0,10-50
587,1,0.0,0.0,0.0,0.0,0-5
588,58,1.0,0.9666666666666667,1.0,1.0,50-100
589,1,1.0,0.0,1.0,0.0,0-5
590,146,1.0,0.9931972789115646,1.0,1.0,100-500
591,3,1.0,1.0,1.0,0.6666666666666666,0-5
592,0,0.0,0.0,0.0,0.0,0-5
593,10,1.0,1.0,1.0,1.0,10-50
594,9,1.0,1.0,1.0,1.0,5-10
595,1,1.0,0.0,1.0,0.0,0-5
596,17,0.9444444444444444,0.9444444444444444,1.0,1.0,10-50
597,3,0.75,0.0,1.0,0.0,0-5
598,2,1.0,0.0,1.0,0.0,0-5
599,3,1.0,0.0,1.0,0.0,0-5
600,4,1.0,0.3333333333333333,0.75,1.0,0-5
601,2,1.0,0.0,1.0,0.0,0-5
602,0,0.0,0.0,0.0,0.0,0-5
603,1,1.0,0.0,1.0,0.0,0-5
604,9,1.0,1.0,1.0,1.0,5-10
605,1,1.0,0.0,1.0,0.0,0-5
606,0,0.0,0.0,0.0,0.0,0-5
607,15,1.0,0.625,1.0,1.0,10-50
608,41,0.9459459459459459,0.0,0.8536585365853658,0.0,10-50
609,2,1.0,0.0,1.0,0.0,0-5
610,56,0.9824561403508771,0.9491525423728814,1.0,1.0,50-100
611,0,0.0,0.0,0.0,0.0,0-5
612,192,1.0,1.0,1.0,1.0,100-500
613,1,1.0,0.0,1.0,0.0,0-5
614,5,1.0,0.0,1.0,0.0,5-10
615,15,0.8235294117647058,0.46875,0.9333333333333333,1.0,10-50
616,23,1.0,1.0,1.0,1.0,10-50
617,0,0.0,0.0,0.0,0.0,0-5
618,165,1.0,1.0,1.0,1.0,100-500
619,164,1.0,1.0,1.0,1.0,100-500
620,1,1.0,0.0,1.0,0.0,0-5
621,0,0.0,0.0,0.0,0.0,0-5
622,4,0.75,0.2857142857142857,0.75,1.0,0-5
623,3,1.0,0.0,1.0,0.0,0-5
624,49,0.9423076923076923,1.0,1.0,1.0,10-50
625,4,1.0,1.0,1.0,1.0,0-5
626,9,1.0,0.0,0.4444444444444444,0.0,5-10
627,72,1.0,0.972972972972973,1.0,1.0,50-100
628,52,0.9565217391304348,0.0,0.8461538461538461,0.0,50-100
629,2,1.0,0.0,0.5,0.0,0-5
630,0,0.0,0.0,0.0,0.0,0-5
631,1,0.3333333333333333,0.0,1.0,0.0,0-5
632,1,1.0,0.0,1.0,0.0,0-5
633,2,0.0,0.0,0.0,0.0,0-5
634,9,0.8888888888888888,0.8181818181818182,0.8888888888888888,1.0,5-10
635,9,1.0,0.0,1.0,0.0,5-10
636,113,1.0,0.990909090909091,0.9557522123893806,0.9646017699115044,100-500
637,3,1.0,0.0,0.3333333333333333,0.0,0-5
638,0,0.0,0.0,0.0,0.0,0-5
639,0,0.0,0.0,0.0,0.0,0-5
640,1,1.0,0.0,1.0,0.0,0-5
641,1,0.0,0.0,0.0,0.0,0-5
642,1,0.5,0.0,1.0,0.0,0-5
643,2,1.0,0.0,1.0,0.0,0-5
644,174,0.9942857142857143,1.0,1.0,1.0,100-500
645,2,1.0,0.2857142857142857,1.0,1.0,0-5
646,2,1.0,0.0,1.0,0.0,0-5
647,1,0.5,0.0,1.0,0.0,0-5
648,10,1.0,0.9090909090909091,1.0,1.0,10-50
649,0,0.0,0.0,0.0,0.0,0-5
650,56,1.0,0.9824561403508771,1.0,1.0,50-100
651,2,1.0,1.0,1.0,1.0,0-5
652,1,1.0,0.0,1.0,0.0,0-5
653,3,1.0,0.0,1.0,0.0,0-5
654,3,0.6666666666666666,0.0,0.6666666666666666,0.0,0-5
655,5,1.0,1.0,1.0,1.0,5-10
656,10,1.0,0.45,0.9,0.9,10-50
657,3,0.5,0.6666666666666666,0.3333333333333333,0.6666666666666666,0-5
658,3,0.42857142857142855,0.375,1.0,1.0,0-5
659,0,0.0,0.0,0.0,0.0,0-5
660,3,1.0,0.6,1.0,1.0,0-5
661,56,0.9649122807017544,0.9259259259259259,0.9821428571428571,0.8928571428571429,50-100
662,0,0.0,0.0,0.0,0.0,0-5
663,161,0.9938271604938271,0.8090452261306532,1.0,1.0,100-500
664,0,0.0,0.0,0.0,0.0,0-5
665,1,1.0,0.0,1.0,0.0,0-5
666,41,0.9761904761904762,0.9534883720930233,1.0,1.0,10-50
667,6,1.0,0.0,0.8333333333333334,0.0,5-10
668,8,1.0,1.0,1.0,1.0,5-10
669,1,1.0,1.0,1.0,1.0,0-5
670,0,0.0,0.0,0.0,0.0,0-5
671,110,1.0,0.9734513274336283,1.0,1.0,100-500
672,0,0.0,0.0,0.0,0.0,0-5
673,6,1.0,1.0,1.0,1.0,5-10
674,0,0.0,0.0,0.0,0.0,0-5
675,15,1.0,1.0,1.0,1.0,10-50
676,5,1.0,0.0,1.0,0.0,5-10
677,41,1.0,1.0,1.0,1.0,10-50
678,1,1.0,0.0,1.0,0.0,0-5
679,1,0.0,0.0,0.0,0.0,0-5
680,0,0.0,0.0,0.0,0.0,0-5
681,2,1.0,1.0,1.0,1.0,0-5
682,7,0.5833333333333334,0.6,1.0,0.8571428571428571,5-10
683,3,0.42857142857142855,0.5,1.0,0.3333333333333333,0-5
684,7,1.0,0.0,0.8571428571428571,0.0,5-10
685,4,0.8,0.0,1.0,0.0,0-5
686,99,0.8909090909090909,0.717948717948718,0.98989898989899,0.2828282828282828,50-100
687,5,0.07142857142857142,0.0,0.4,0.0,5-10
688,59,0.803030303030303,0.18947368421052632,0.8983050847457628,0.9152542372881356,50-100
689,12,0.8888888888888888,0.0,0.6666666666666666,0.0,10-50
690,0,0.0,0.0,0.0,0.0,0-5
691,24,0.29411764705882354,0.26153846153846155,0.8333333333333334,0.7083333333333334,10-50
692,75,1.0,0.9868421052631579,1.0,1.0,50-100
693,1,1.0,0.0,1.0,0.0,0-5
694,644,0.9668141592920354,1.0,0.6785714285714286,0.031055900621118012,500-1000
695,5,0.8333333333333334,0.0,1.0,0.0,5-10
696,10,0.6923076923076923,0.0,0.9,0.0,10-50
697,5,1.0,0.8333333333333334,1.0,1.0,5-10
698,29,0.9655172413793104,1.0,0.9655172413793104,0.41379310344827586,10-50
699,2,1.0,0.0,1.0,0.0,0-5
700,4,1.0,0.0,1.0,0.0,0-5
701,3,1.0,0.0,1.0,0.0,0-5
702,20,0.5757575757575758,0.08333333333333333,0.95,0.05,10-50
703,9,0.5333333333333333,0.0,0.8888888888888888,0.0,5-10
704,0,0.0,0.0,0.0,0.0,0-5
705,0,0.0,0.0,0.0,0.0,0-5
706,1,1.0,0.0,1.0,0.0,0-5
707,4,0.14814814814814814,0.016877637130801686,1.0,1.0,0-5
708,2,0.6666666666666666,0.0,1.0,0.0,0-5
709,2,1.0,0.0,1.0,0.0,0-5
710,2,0.3333333333333333,0.0,0.5,0.0,0-5
711,3,0.75,0.5,1.0,1.0,0-5
712,0,0.0,0.0,0.0,0.0,0-5
713,6,1.0,0.6,1.0,1.0,5-10
714,3,1.0,1.0,1.0,1.0,0-5
715,1,1.0,0.0,1.0,0.0,0-5
716,1,1.0,0.0,1.0,0.0,0-5
717,15,0.9375,0.13793103448275862,1.0,0.8,10-50
718,31,0.7105263157894737,0.03,0.8709677419354839,0.1935483870967742,10-50
719,36,0.7878787878787878,0.0,0.7222222222222222,0.0,10-50
720,1,0.0,0.0,0.0,0.0,0-5
721,4,0.0,0.0,0.0,0.0,0-5
722,55,0.9814814814814815,0.2663316582914573,0.9636363636363636,0.9636363636363636,50-100
723,31,0.5714285714285714,0.0,0.9032258064516129,0.0,10-50
724,3,0.6666666666666666,0.0,0.6666666666666666,0.0,0-5
725,18,0.9473684210526315,0.45,1.0,1.0,10-50
726,2,0.4,0.0,1.0,0.0,0-5
727,3,0.5,0.0,1.0,0.0,0-5
728,41,0.9761904761904762,0.9111111111111111,1.0,1.0,10-50
729,26,0.5714285714285714,0.0,0.9230769230769231,0.0,10-50
730,21,0.9,0.0,0.8571428571428571,0.0,10-50
731,1,1.0,0.0,1.0,0.0,0-5
732,6,0.5454545454545454,0.0,1.0,0.0,5-10
733,111,1.0,0.9487179487179487,1.0,1.0,100-500
734,6,1.0,0.0,1.0,0.0,5-10
735,9,1.0,1.0,1.0,1.0,5-10
736,29,0.9666666666666667,1.0,1.0,0.9655172413793104,10-50
737,7,1.0,1.0,1.0,0.5714285714285714,5-10
738,223,1.0,0.9653679653679653,0.9775784753363229,1.0,100-500
739,3,1.0,1.0,1.0,1.0,0-5
740,44,0.9777777777777777,1.0,1.0,1.0,10-50
741,1,0.0,0.0,0.0,0.0,0-5
742,0,0.0,0.0,0.0,0.0,0-5
743,14,1.0,0.7647058823529411,0.9285714285714286,0.9285714285714286,10-50
744,82,0.9753086419753086,0.9425287356321839,0.9634146341463414,1.0,50-100
745,0,0.0,0.0,0.0,0.0,0-5
746,2,0.0,0.0,0.0,0.0,0-5
747,1,0.5,0.0,1.0,0.0,0-5
748,0,0.0,0.0,0.0,0.0,0-5
749,5,0.7142857142857143,0.2,1.0,0.8,5-10
750,1,1.0,0.0,1.0,0.0,0-5
751,0,0.0,0.0,0.0,0.0,0-5
752,8,1.0,0.0,0.875,0.0,5-10
753,6,0.8333333333333334,1.0,0.8333333333333334,0.8333333333333334,5-10
754,14,0.7333333333333333,0.5833333333333334,0.7857142857142857,1.0,10-50
755,4,1.0,0.0,1.0,0.0,0-5
756,1,1.0,0.0,1.0,0.0,0-5
757,0,0.0,0.0,0.0,0.0,0-5
758,5,1.0,0.625,1.0,1.0,5-10
759,6,1.0,0.8571428571428571,1.0,1.0,5-10
760,4,1.0,0.0,1.0,0.0,0-5
761,2,1.0,1.0,1.0,0.5,0-5
762,6,0.75,0.8571428571428571,1.0,1.0,5-10
763,1,1.0,1.0,1.0,1.0,0-5
764,2,1.0,0.0,0.5,0.0,0-5
765,3,0.75,0.09523809523809523,1.0,0.6666666666666666,0-5
766,7,0.75,0.0,0.8571428571428571,0.0,5-10
767,2,0.0,0.0,0.0,0.0,0-5
768,3,0.0,0.0,0.0,0.0,0-5
769,0,0.0,0.0,0.0,0.0,0-5
770,2,0.25,0.0,1.0,0.0,0-5
771,2,0.3333333333333333,0.0,0.5,0.0,0-5
772,0,0.0,0.0,0.0,0.0,0-5
773,1,1.0,0.0,1.0,0.0,0-5
774,4,1.0,0.08333333333333333,1.0,1.0,0-5
775,0,0.0,0.0,0.0,0.0,0-5
776,3,0.75,0.0,1.0,0.0,0-5
777,5,1.0,0.0,0.8,0.0,5-10
778,17,1.0,0.0,1.0,0.0,10-50
779,4,1.0,0.0,1.0,0.0,0-5
780,6,0.46153846153846156,0.125,1.0,0.16666666666666666,5-10
781,3,0.75,0.0,1.0,0.0,0-5
782,0,0.0,0.0,0.0,0.0,0-5
783,7,0.875,0.0,1.0,0.0,5-10
784,13,0.9285714285714286,0.8125,1.0,1.0,10-50
785,5,1.0,0.35714285714285715,1.0,1.0,5-10
786,0,0.0,0.0,0.0,0.0,0-5
787,5,0.8333333333333334,1.0,1.0,0.2,5-10
788,3,1.0,0.0,1.0,0.0,0-5
789,3,0.75,0.0,1.0,0.0,0-5
790,2,1.0,0.0,1.0,0.0,0-5
791,0,0.0,0.0,0.0,0.0,0-5
792,0,0.0,0.0,0.0,0.0,0-5
793,1,1.0,0.0,1.0,0.0,0-5
794,6,0.8571428571428571,0.8571428571428571,1.0,1.0,5-10
795,14,1.0,1.0,1.0,0.5,10-50
796,6,1.0,1.0,1.0,1.0,5-10
797,73,1.0,0.9154929577464789,0.9863013698630136,0.8904109589041096,50-100
798,1,1.0,1.0,1.0,1.0,0-5
799,1,1.0,0.0,1.0,0.0,0-5
800,5,1.0,0.0,0.8,0.0,5-10
801,2,0.6666666666666666,0.0,1.0,0.0,0-5
802,0,0.0,0.0,0.0,0.0,0-5
803,7,0.875,0.3333333333333333,1.0,1.0,5-10
804,2,1.0,1.0,1.0,1.0,0-5
805,51,1.0,0.8837209302325582,0.9803921568627451,0.7450980392156863,50-100
806,1,0.0,0.0,0.0,0.0,0-5
807,0,0.0,0.0,0.0,0.0,0-5
808,1,1.0,0.5,1.0,1.0,0-5
809,1,1.0,0.0,1.0,0.0,0-5
810,0,0.0,0.0,0.0,0.0,0-5
811,3,0.6,0.42857142857142855,1.0,1.0,0-5
812,4,1.0,0.6666666666666666,1.0,1.0,0-5
813,4,1.0,0.2222222222222222,1.0,1.0,0-5
814,7,1.0,0.0,0.8571428571428571,0.0,5-10
815,22,1.0,0.9565217391304348,1.0,1.0,10-50
816,27,0.8928571428571429,0.8,0.9259259259259259,0.7407407407407407,10-50
817,48,0.9591836734693877,0.8888888888888888,0.9791666666666666,1.0,10-50
818,115,0.9913793103448276,0.9913793103448276,1.0,1.0,100-500
819,208,1.0,0.9719626168224299,1.0,1.0,100-500
820,6,1.0,0.0,0.8333333333333334,0.0,5-10
821,0,0.0,0.0,0.0,0.0,0-5
822,4,1.0,0.0,0.75,0.0,0-5
823,34,1.0,0.6415094339622641,1.0,1.0,10-50
824,77,0.95,1.0,0.987012987012987,0.8571428571428571,50-100
825,23,0.95,0.6571428571428571,0.8260869565217391,1.0,10-50
826,14,1.0,1.0,1.0,1.0,10-50
827,18,1.0,1.0,0.9444444444444444,0.5,10-50
828,3,1.0,0.0,1.0,0.0,0-5
829,5,0.8333333333333334,0.6,1.0,0.6,5-10
830,4,1.0,0.0,0.25,0.0,0-5
831,0,0.0,0.0,0.0,0.0,0-5
832,4,0.5714285714285714,0.0,1.0,0.0,0-5
833,6,1.0,0.0,1.0,0.0,5-10
834,0,0.0,0.0,0.0,0.0,0-5
835,2,1.0,0.0,1.0,0.0,0-5
836,3,1.0,0.0,1.0,0.0,0-5
837,2,1.0,0.0,1.0,0.0,0-5
838,13,1.0,0.5,1.0,1.0,10-50
839,13,1.0,0.0,1.0,0.0,10-50
840,7,1.0,0.75,1.0,0.8571428571428571,5-10
841,2,1.0,1.0,1.0,1.0,0-5
842,36,1.0,0.9473684210526315,1.0,1.0,10-50
843,0,0.0,0.0,0.0,0.0,0-5
844,0,0.0,0.0,0.0,0.0,0-5
845,152,0.8731343283582089,1.0,0.7697368421052632,0.006578947368421052,100-500
846,5,0.5,0.0,0.8,0.0,5-10
847,2,1.0,0.0,1.0,0.0,0-5
848,2,0.5,0.0,1.0,0.0,0-5
849,1,0.0,0.0,0.0,0.0,0-5
850,2,0.6666666666666666,0.0,1.0,0.0,0-5
851,1,0.5,0.0,1.0,0.0,0-5
852,30,0.7096774193548387,0.0,0.7333333333333333,0.0,10-50
853,1,0.0,0.0,0.0,0.0,0-5
854,1,0.5,0.023809523809523808,1.0,1.0,0-5
855,6,1.0,0.5,1.0,1.0,5-10
856,34,0.9444444444444444,1.0,1.0,0.5294117647058824,10-50
857,2,0.5,0.0,1.0,0.0,0-5
858,2,1.0,0.0,1.0,0.0,0-5
859,2,1.0,0.0,1.0,0.0,0-5
860,1,1.0,0.058823529411764705,1.0,1.0,0-5
861,3,0.75,0.15384615384615385,1.0,0.6666666666666666,0-5
862,0,0.0,0.0,0.0,0.0,0-5
863,1,1.0,0.0,1.0,0.0,0-5
864,1,1.0,0.0,1.0,0.0,0-5
865,3,0.75,0.23076923076923078,1.0,1.0,0-5
866,0,0.0,0.0,0.0,0.0,0-5
867,0,0.0,0.0,0.0,0.0,0-5
868,5,1.0,0.7142857142857143,1.0,1.0,5-10
869,5,0.6666666666666666,0.0,0.8,0.0,5-10
870,1,0.5,1.0,1.0,1.0,0-5
871,1,0.5,0.0,1.0,0.0,0-5
872,2,0.6666666666666666,0.0,1.0,0.0,0-5
873,1,0.0,0.0,0.0,0.0,0-5
874,235,0.9957627118644068,1.0,1.0,1.0,100-500
875,0,0.0,0.0,0.0,0.0,0-5
876,1,1.0,0.0,1.0,0.0,0-5
877,3,1.0,0.0,1.0,0.0,0-5
878,1,1.0,0.0,1.0,0.0,0-5
879,49,0.8571428571428571,0.0,0.6122448979591837,0.0,10-50
880,0,0.0,0.0,0.0,0.0,0-5
881,12,0.7692307692307693,0.0,0.8333333333333334,0.0,10-50
882,2,1.0,0.1,1.0,1.0,0-5
883,2,0.4,0.6666666666666666,1.0,1.0,0-5
884,0,0.0,0.0,0.0,0.0,0-5
885,2,0.6666666666666666,0.0,1.0,0.0,0-5
886,1,1.0,0.0,1.0,0.0,0-5
887,1,0.3333333333333333,0.0,1.0,0.0,0-5
888,2,1.0,0.0,1.0,0.0,0-5
889,121,0.975609756097561,0.9836065573770492,0.9917355371900827,0.9917355371900827,100-500
890,10,1.0,0.0,0.7,0.0,10-50
891,6,0.7142857142857143,0.10526315789473684,0.8333333333333334,0.3333333333333333,5-10
892,3,0.0,0.0,0.0,0.0,0-5
893,3,0.5,0.125,1.0,1.0,0-5
894,1,0.5,1.0,1.0,1.0,0-5
895,12,0.9230769230769231,0.4444444444444444,1.0,1.0,10-50
896,2,0.5,0.0,1.0,0.0,0-5
897,0,0.0,0.0,0.0,0.0,0-5
898,2,0.0,0.0,0.0,0.0,0-5
899,65,0.9696969696969697,0.9701492537313433,0.9846153846153847,1.0,50-100
900,6,0.8571428571428571,0.0,1.0,0.0,5-10
901,8,0.875,0.0,0.875,0.0,5-10
902,1,0.0,0.0,0.0,0.0,0-5
903,3,0.6,0.1875,1.0,1.0,0-5
904,14,0.9285714285714286,0.4117647058823529,0.9285714285714286,1.0,10-50
905,3,1.0,0.0,1.0,0.0,0-5
906,3,1.0,0.075,0.6666666666666666,1.0,0-5
907,36,1.0,0.8780487804878049,1.0,1.0,10-50
908,1,0.0,0.0,0.0,0.0,0-5
909,4,1.0,0.21052631578947367,1.0,1.0,0-5
910,0,0.0,0.0,0.0,0.0,0-5
911,0,0.0,0.0,0.0,0.0,0-5
912,3,1.0,0.0,1.0,0.0,0-5
913,1,1.0,0.0,1.0,0.0,0-5
914,2,1.0,0.0,0.5,0.0,0-5
915,10,1.0,1.0,1.0,0.3,10-50
916,2,1.0,0.4,1.0,1.0,0-5
917,0,0.0,0.0,0.0,0.0,0-5
918,3,1.0,0.75,1.0,1.0,0-5
919,25,1.0,0.8333333333333334,0.96,1.0,10-50
920,4,1.0,1.0,1.0,1.0,0-5
921,2,1.0,0.0,1.0,0.0,0-5
922,47,1.0,0.8679245283018868,0.9787234042553191,0.9787234042553191,10-50
923,2,0.0,0.0,0.0,0.0,0-5
924,3,0.5,0.0,0.6666666666666666,0.0,0-5
925,24,0.8148148148148148,0.0,0.9166666666666666,0.0,10-50
926,1,1.0,0.0,1.0,0.0,0-5
927,7,0.6363636363636364,0.15555555555555556,1.0,1.0,5-10
928,18,0.8947368421052632,0.7619047619047619,0.9444444444444444,0.8888888888888888,10-50
929,4,1.0,1.0,1.0,1.0,0-5
930,5,1.0,1.0,1.0,1.0,5-10
931,3,1.0,0.0,0.6666666666666666,0.0,0-5
932,9,0.6666666666666666,0.0,0.6666666666666666,0.0,5-10
933,0,0.0,0.0,0.0,0.0,0-5
934,6,1.0,0.16666666666666666,0.6666666666666666,0.6666666666666666,5-10
935,2,1.0,0.0,1.0,0.0,0-5
936,1,1.0,0.25,1.0,1.0,0-5
937,9,1.0,0.6363636363636364,0.7777777777777778,0.7777777777777778,5-10
938,2,1.0,0.0,1.0,0.0,0-5
939,10,0.4,0.0,0.4,0.0,10-50
940,1,1.0,0.0,1.0,0.0,0-5
941,2,0.3333333333333333,0.0,0.5,0.0,0-5
942,7,1.0,0.0,0.7142857142857143,0.0,5-10
943,171,0.9940476190476191,1.0,0.9766081871345029,0.9707602339181286,100-500
944,4,0.0,0.0,0.0,0.0,0-5
945,3,1.0,1.0,0.3333333333333333,0.3333333333333333,0-5
946,2,1.0,0.0,1.0,0.0,0-5
947,2,1.0,0.0,1.0,0.0,0-5
948,2,0.6666666666666666,0.0,1.0,0.0,0-5
949,17,1.0,0.0,0.9411764705882353,0.0,10-50
950,84,1.0,0.9130434782608695,1.0,1.0,50-100
951,146,1.0,0.9419354838709677,1.0,1.0,100-500
952,1,0.0,0.0,0.0,0.0,0-5
953,38,0.7272727272727273,0.0,0.8421052631578947,0.0,10-50
954,43,0.9310344827586207,0.0,0.627906976744186,0.0,10-50
955,1,1.0,0.0,1.0,0.0,0-5
956,1,0.0,0.0,0.0,0.0,0-5
957,1,1.0,1.0,1.0,1.0,0-5
958,2,1.0,0.25,1.0,1.0,0-5
959,5,0.7142857142857143,0.0,1.0,0.0,5-10
960,5,1.0,0.23809523809523808,1.0,1.0,5-10
961,0,0.0,0.0,0.0,0.0,0-5
962,1,0.0,0.0,0.0,0.0,0-5
963,4,1.0,0.0,1.0,0.0,0-5
964,2,1.0,0.0,1.0,0.0,0-5
965,8,0.8888888888888888,0.8888888888888888,1.0,1.0,5-10
966,1,1.0,0.0,1.0,0.0,0-5
967,0,0.0,0.0,0.0,0.0,0-5
968,0,0.0,0.0,0.0,0.0,0-5
969,4,0.8,0.0,1.0,0.0,0-5
970,4,1.0,0.6666666666666666,1.0,1.0,0-5
971,0,0.0,0.0,0.0,0.0,0-5
972,16,1.0,1.0,1.0,1.0,10-50
973,56,0.9642857142857143,0.9444444444444444,0.9642857142857143,0.9107142857142857,50-100
974,1,1.0,0.0,1.0,0.0,0-5
975,30,0.9090909090909091,0.4807692307692308,1.0,0.8333333333333334,10-50
976,2,0.6666666666666666,0.0,1.0,0.0,0-5
977,3,1.0,0.0,1.0,0.0,0-5
978,32,0.96875,0.4025974025974026,0.96875,0.96875,10-50
979,0,0.0,0.0,0.0,0.0,0-5
980,26,0.8928571428571429,0.8333333333333334,0.9615384615384616,0.19230769230769232,10-50
981,1,0.5,0.0,1.0,0.0,0-5
982,0,0.0,0.0,0.0,0.0,0-5
983,0,0.0,0.0,0.0,0.0,0-5
984,0,0.0,0.0,0.0,0.0,0-5
985,0,0.0,0.0,0.0,0.0,0-5
986,0,0.0,0.0,0.0,0.0,0-5
987,1,0.0,0.0,0.0,0.0,0-5
988,3,0.75,0.0,1.0,0.0,0-5
989,4,1.0,0.0,0.5,0.0,0-5
990,2,1.0,0.0,0.5,0.0,0-5
991,11,1.0,0.9166666666666666,0.9090909090909091,1.0,10-50
992,2,0.4,0.0,1.0,0.0,0-5
993,79,0.9863013698630136,1.0,0.9113924050632911,0.2911392405063291,50-100
994,1,1.0,0.0,1.0,0.0,0-5
995,1,1.0,0.0,1.0,0.0,0-5
996,2,0.3333333333333333,0.0,0.5,0.0,0-5
997,0,0.0,0.0,0.0,0.0,0-5
998,1,0.5,0.0,1.0,0.0,0-5
999,1,0.5,0.125,1.0,1.0,0-5
1000,1,1.0,0.0,1.0,0.0,0-5
1001,1,1.0,0.0,1.0,0.0,0-5
1002,0,0.0,0.0,0.0,0.0,0-5
1003,1,1.0,0.0,1.0,0.0,0-5
1004,1,1.0,0.0,1.0,0.0,0-5
1005,2,1.0,0.6666666666666666,0.5,1.0,0-5
1006,11,1.0,0.0,1.0,0.0,10-50
1007,0,0.0,0.0,0.0,0.0,0-5
1008,2,1.0,0.0,1.0,0.0,0-5
1009,0,0.0,0.0,0.0,0.0,0-5
1010,0,0.0,0.0,0.0,0.0,0-5
1011,0,0.0,0.0,0.0,0.0,0-5
1012,1,1.0,1.0,1.0,1.0,0-5
1013,3,0.5,0.5,1.0,1.0,0-5
1014,1,1.0,0.0,1.0,0.0,0-5
1015,7,0.7,0.5,1.0,1.0,5-10
1016,5,1.0,0.0,0.8,0.0,5-10
1017,0,0.0,0.0,0.0,0.0,0-5
1018,0,0.0,0.0,0.0,0.0,0-5
1019,4,1.0,0.36363636363636365,1.0,1.0,0-5
1020,12,1.0,0.9230769230769231,0.9166666666666666,1.0,10-50
1021,4,1.0,1.0,1.0,1.0,0-5
1022,5,1.0,1.0,1.0,1.0,5-10
1023,4,1.0,0.0,0.75,0.0,0-5
1024,0,0.0,0.0,0.0,0.0,0-5
1025,8,0.6363636363636364,1.0,0.875,0.125,5-10
1026,4,1.0,0.0,1.0,0.0,0-5
1027,20,0.9523809523809523,0.8695652173913043,1.0,1.0,10-50
1028,6,0.75,0.8333333333333334,1.0,0.8333333333333334,5-10
1029,11,0.7857142857142857,0.0,1.0,0.0,10-50
1030,0,0.0,0.0,0.0,0.0,0-5
1031,2,0.5,0.0,0.5,0.0,0-5
1032,11,1.0,0.4444444444444444,0.9090909090909091,0.36363636363636365,10-50
1033,1,0.0,0.0,0.0,0.0,0-5
1034,5,0.8,1.0,0.8,0.4,5-10
1035,2,1.0,0.0,1.0,0.0,0-5
1036,8,0.8888888888888888,0.3181818181818182,1.0,0.875,5-10
1037,4,0.8,1.0,1.0,0.25,0-5
1038,8,1.0,0.3333333333333333,0.875,1.0,5-10
1039,2,0.6666666666666666,1.0,1.0,0.5,0-5
1040,2,1.0,0.0,1.0,0.0,0-5
1041,7,0.8333333333333334,0.0,0.7142857142857143,0.0,5-10
1042,1,0.0,0.04,0.0,1.0,0-5
1043,2,1.0,0.0,1.0,0.0,0-5
1044,1,1.0,0.0,1.0,0.0,0-5
1045,3,1.0,0.0,1.0,0.0,0-5
1046,1,1.0,0.0,1.0,0.0,0-5
1047,2,1.0,0.0,1.0,0.0,0-5
1048,19,1.0,0.7916666666666666,1.0,1.0,10-50
1049,32,0.6086956521739131,0.0,0.4375,0.0,10-50
1050,0,0.0,0.0,0.0,0.0,0-5
1051,1,1.0,0.0,1.0,0.0,0-5
1052,42,0.926829268292683,0.9722222222222222,0.9047619047619048,0.8333333333333334,10-50
1053,2,0.5,0.15384615384615385,1.0,1.0,0-5
1054,4,0.8,0.0,1.0,0.0,0-5
1055,0,0.0,0.0,0.0,0.0,0-5
1056,11,1.0,1.0,1.0,1.0,10-50
1057,3,0.75,0.0,1.0,0.0,0-5
1058,2,1.0,0.0,1.0,0.0,0-5
1059,1,1.0,0.0,1.0,0.0,0-5
1060,1,0.0,0.0,0.0,0.0,0-5
1061,1,1.0,0.25,1.0,1.0,0-5
1062,44,0.9777777777777777,0.875,1.0,0.3181818181818182,10-50
1063,0,0.0,0.0,0.0,0.0,0-5
1064,1,1.0,0.0,1.0,0.0,0-5
1065,3,1.0,0.0,1.0,0.0,0-5
1066,1,1.0,0.0,1.0,0.0,0-5
1067,0,0.0,0.0,0.0,0.0,0-5
1068,2,0.5,0.0,0.5,0.0,0-5
1069,0,0.0,0.0,0.0,0.0,0-5
1070,1,0.0,0.0,0.0,0.0,0-5
1071,26,0.9285714285714286,0.36619718309859156,1.0,1.0,10-50
1072,2,1.0,0.0,0.5,0.0,0-5
1073,0,0.0,0.0,0.0,0.0,0-5
1074,2,1.0,0.0,1.0,0.0,0-5
1075,3,0.75,0.0,1.0,0.0,0-5
1076,49,1.0,0.7333333333333333,0.9795918367346939,0.8979591836734694,10-50
1077,3,0.5,0.0,1.0,0.0,0-5
1078,3,1.0,1.0,0.6666666666666666,0.6666666666666666,0-5
1079,2,0.6666666666666666,0.0,1.0,0.0,0-5
1080,16,1.0,1.0,0.9375,0.75,10-50
1081,1,1.0,0.0,1.0,0.0,0-5
1082,0,0.0,0.0,0.0,0.0,0-5
1083,21,0.9130434782608695,0.9130434782608695,1.0,1.0,10-50
1084,0,0.0,0.0,0.0,0.0,0-5
1085,1,1.0,0.0,1.0,0.0,0-5
1086,1,0.5,0.0,1.0,0.0,0-5
1087,4,1.0,0.23076923076923078,0.75,0.75,0-5
1088,9,0.625,0.23809523809523808,0.5555555555555556,0.5555555555555556,5-10
1089,2,0.6666666666666666,0.0,1.0,0.0,0-5
1090,4,1.0,0.0,1.0,0.0,0-5
1091,61,0.9830508474576272,0.9629629629629629,0.9508196721311475,0.4262295081967213,50-100
1092,1,1.0,0.0,1.0,0.0,0-5
1093,0,0.0,0.0,0.0,0.0,0-5
1094,21,1.0,0.8888888888888888,1.0,0.7619047619047619,10-50
1095,61,0.9516129032258065,0.9375,0.9672131147540983,0.4918032786885246,50-100
1096,5,1.0,0.5,1.0,1.0,5-10
1097,7,1.0,0.17073170731707318,1.0,1.0,5-10
1098,16,0.7619047619047619,0.5714285714285714,1.0,1.0,10-50
1099,29,1.0,0.8181818181818182,1.0,0.9310344827586207,10-50
1100,4,1.0,0.375,0.75,0.75,0-5
1101,8,0.8,0.0,1.0,0.0,5-10
1102,1,0.0,0.0,0.0,0.0,0-5
1103,11,1.0,0.9090909090909091,0.9090909090909091,0.9090909090909091,10-50
1104,8,1.0,0.5,0.75,0.5,5-10
1105,4,0.75,0.0,0.75,0.0,0-5
1106,24,0.8888888888888888,0.8421052631578947,1.0,0.6666666666666666,10-50
1107,48,0.9777777777777777,0.8148148148148148,0.9166666666666666,0.4583333333333333,10-50
1108,1,1.0,0.0,1.0,0.0,0-5
1109,2,1.0,0.0,1.0,0.0,0-5
1110,3,1.0,0.0,1.0,0.0,0-5
1111,0,0.0,0.0,0.0,0.0,0-5
1112,1,1.0,0.0,1.0,0.0,0-5
1113,0,0.0,0.0,0.0,0.0,0-5
1114,47,0.9787234042553191,0.8478260869565217,0.9787234042553191,0.8297872340425532,10-50
1115,1,0.5,0.0,1.0,0.0,0-5
1116,10,0.9090909090909091,0.0,1.0,0.0,10-50
1117,13,1.0,0.44,0.9230769230769231,0.8461538461538461,10-50
1118,4,0.8,0.0,1.0,0.0,0-5
1119,18,0.8421052631578947,0.0,0.8888888888888888,0.0,10-50
1120,2,1.0,0.0,1.0,0.0,0-5
1121,1,1.0,0.0,1.0,0.0,0-5
1122,7,1.0,0.0,0.8571428571428571,0.0,5-10
1123,2,1.0,0.0,1.0,0.0,0-5
1124,24,0.92,0.8571428571428571,0.9583333333333334,0.75,10-50
1125,48,0.9791666666666666,0.7796610169491526,0.9791666666666666,0.9583333333333334,10-50
1126,3,0.0,0.0,0.0,0.0,0-5
1127,3,1.0,0.0,0.3333333333333333,0.0,0-5
1128,14,0.8235294117647058,0.25,1.0,1.0,10-50
1129,6,1.0,0.0,0.6666666666666666,0.0,5-10
1130,4,1.0,0.8,0.75,1.0,0-5
1131,1,0.5,0.0,1.0,0.0,0-5
1132,13,0.8571428571428571,0.3333333333333333,0.9230769230769231,0.8461538461538461,10-50
1133,1,1.0,0.07142857142857142,1.0,1.0,0-5
1134,13,1.0,0.65,1.0,1.0,10-50
1135,7,1.0,0.0,0.5714285714285714,0.0,5-10
1136,0,0.0,0.0,0.0,0.0,0-5
1137,10,0.6666666666666666,0.0,0.2,0.0,10-50
1138,1,1.0,0.0,1.0,0.0,0-5
1139,25,0.9615384615384616,0.65,1.0,0.52,10-50
1140,1,0.0,0.0,0.0,0.0,0-5
1141,2,1.0,0.0,1.0,0.0,0-5
1142,24,0.6451612903225806,0.0,0.8333333333333334,0.0,10-50
1143,125,1.0,0.9259259259259259,1.0,1.0,100-500
1144,124,0.9538461538461539,0.9841269841269841,1.0,1.0,100-500
1145,0,0.0,0.0,0.0,0.0,0-5
1146,1,0.5,0.0,1.0,0.0,0-5
1147,1,0.0,0.0,0.0,0.0,0-5
1148,7,1.0,0.875,0.8571428571428571,1.0,5-10
1149,3,0.5,0.0,0.6666666666666666,0.0,0-5
1150,32,0.7804878048780488,0.7307692307692307,1.0,0.59375,10-50
1151,7,1.0,0.7777777777777778,1.0,1.0,5-10
1152,54,0.9642857142857143,0.9642857142857143,1.0,1.0,50-100
1153,1,0.0,0.0,0.0,0.0,0-5
1154,2,1.0,0.0,1.0,0.0,0-5
1155,4,1.0,0.0,0.5,0.0,0-5
1156,12,1.0,0.9230769230769231,0.8333333333333334,1.0,10-50
1157,0,0.0,0.0,0.0,0.0,0-5
1158,1,0.3333333333333333,0.0,1.0,0.0,0-5
1159,3,1.0,1.0,1.0,1.0,0-5
1160,29,0.8148148148148148,0.0,0.7586206896551724,0.0,10-50
1161,4,0.0,0.0,0.0,0.0,0-5
1162,2,1.0,0.0,0.5,0.0,0-5
1163,6,1.0,1.0,0.8333333333333334,1.0,5-10
1164,137,1.0,0.9732142857142857,0.9927007299270073,0.7956204379562044,100-500
1165,1,0.5,0.0,1.0,0.0,0-5
1166,2,1.0,0.0,1.0,0.0,0-5
1167,1,1.0,0.0,1.0,0.0,0-5
1168,8,0.5,0.3076923076923077,0.875,1.0,5-10
1169,20,0.9523809523809523,0.38461538461538464,1.0,1.0,10-50
1170,61,0.9838709677419355,0.7625,1.0,1.0,50-100
1171,8,0.7777777777777778,0.25,0.875,0.875,5-10
1172,5,1.0,0.0,0.8,0.0,5-10
1173,5,1.0,0.7142857142857143,1.0,1.0,5-10
1174,2,1.0,0.0,1.0,0.0,0-5
1175,7,1.0,1.0,1.0,0.2857142857142857,5-10
1176,18,0.9,0.9,1.0,1.0,10-50
1177,4,1.0,0.0,0.75,0.0,0-5
1178,0,0.0,0.0,0.0,0.0,0-5
1179,11,0.5333333333333333,0.0,0.7272727272727273,0.0,10-50
1180,1,0.5,0.0,1.0,0.0,0-5
1181,5,0.5,0.1388888888888889,1.0,1.0,5-10
1182,21,1.0,1.0,1.0,1.0,10-50
1183,1,1.0,0.1,1.0,1.0,0-5
1184,19,0.8636363636363636,0.6129032258064516,1.0,1.0,10-50
1185,1,1.0,0.0,1.0,0.0,0-5
1186,2,1.0,0.0,1.0,0.0,0-5
1187,4,1.0,0.4444444444444444,1.0,1.0,0-5
1188,2,1.0,0.0,1.0,0.0,0-5
1189,24,0.76,0.0,0.7916666666666666,0.0,10-50
1190,15,0.875,0.5,0.9333333333333333,0.3333333333333333,10-50
1191,0,0.0,0.0,0.0,0.0,0-5
1192,14,1.0,0.19718309859154928,0.8571428571428571,1.0,10-50
1193,25,0.9130434782608695,0.0,0.84,0.0,10-50
1194,31,0.9,0.5,0.8709677419354839,0.12903225806451613,10-50
1195,3,1.0,0.0,1.0,0.0,0-5
1196,5,1.0,0.6666666666666666,0.8,0.8,5-10
1197,1,0.0,0.0,0.0,0.0,0-5
1198,2,1.0,0.5,1.0,0.5,0-5
1199,0,0.0,0.0,0.0,0.0,0-5
1200,1,1.0,0.045454545454545456,1.0,1.0,0-5
1201,2,1.0,0.0,1.0,0.0,0-5
1202,1,1.0,0.1111111111111111,1.0,1.0,0-5
1203,3,1.0,0.75,1.0,1.0,0-5
1204,1,1.0,0.0,1.0,0.0,0-5
1205,1,0.0,0.0,0.0,0.0,0-5
1206,1,1.0,0.0,1.0,0.0,0-5
1207,1,0.0,0.0,0.0,0.0,0-5
1208,3,1.0,1.0,1.0,1.0,0-5
1209,143,0.958904109589041,0.7653631284916201,0.9790209790209791,0.958041958041958,100-500
1210,6,0.5714285714285714,0.0,0.6666666666666666,0.0,5-10
1211,46,1.0,1.0,1.0,1.0,10-50
1212,6,0.8,0.0,0.6666666666666666,0.0,5-10
1213,3,0.5,0.0,0.6666666666666666,0.0,0-5
1214,4,1.0,1.0,1.0,1.0,0-5
1215,292,0.93717277486911,0.6666666666666666,0.613013698630137,0.0136986301369863,100-500
1216,8,1.0,0.0,1.0,0.0,5-10
1217,6,0.5454545454545454,0.0,1.0,0.0,5-10
1218,1,1.0,0.0,1.0,0.0,0-5
1219,2,0.5,0.13333333333333333,1.0,1.0,0-5
1220,34,0.9714285714285714,0.7727272727272727,1.0,1.0,10-50
1221,10,0.8181818181818182,0.2631578947368421,0.9,1.0,10-50
1222,3,1.0,0.0,1.0,0.0,0-5
1223,1,1.0,1.0,1.0,1.0,0-5
1224,2,0.6666666666666666,0.07407407407407407,1.0,1.0,0-5
1225,1,1.0,0.0,1.0,0.0,0-5
1226,5,1.0,0.0,1.0,0.0,5-10
1227,4,1.0,0.5714285714285714,1.0,1.0,0-5
1228,6,0.625,0.04081632653061224,0.8333333333333334,0.6666666666666666,5-10
1229,3,1.0,0.0,1.0,0.0,0-5
1230,3,1.0,0.0,1.0,0.0,0-5
1231,2,0.2,0.0,1.0,0.0,0-5
1232,21,0.8333333333333334,0.26582278481012656,0.9523809523809523,1.0,10-50
1233,3,1.0,0.0,1.0,0.0,0-5
1234,2,1.0,0.0,1.0,0.0,0-5
1235,2,1.0,0.0,1.0,0.0,0-5
1236,2,0.4,0.0,1.0,0.0,0-5
1237,3,1.0,0.0,1.0,0.0,0-5
1238,1,1.0,0.0,1.0,0.0,0-5
1239,61,0.9682539682539683,0.5258620689655172,1.0,1.0,50-100
1240,4,0.5714285714285714,0.0,1.0,0.0,0-5
1241,5,0.7142857142857143,0.0,1.0,0.0,5-10
1242,10,0.5333333333333333,0.0,0.8,0.0,10-50
1243,4,0.5,0.07272727272727272,1.0,1.0,0-5
1244,4,1.0,0.0,1.0,0.0,0-5
1245,4,0.8,0.0,1.0,0.0,0-5
1246,3,1.0,0.04411764705882353,1.0,1.0,0-5
1247,2,1.0,0.0,1.0,0.0,0-5
1248,0,0.0,0.0,0.0,0.0,0-5
1249,6,0.8571428571428571,0.0,1.0,0.0,5-10
1250,3,0.3333333333333333,0.0,1.0,0.0,0-5
1251,2,0.4,0.0,1.0,0.0,0-5
1252,142,0.9726027397260274,0.9659863945578231,1.0,1.0,100-500
1253,51,0.9107142857142857,0.85,1.0,1.0,50-100
1254,9,0.9,0.08108108108108109,1.0,0.3333333333333333,5-10
1255,0,0.0,0.0,0.0,0.0,0-5
1256,219,0.9863636363636363,0.9276595744680851,0.9908675799086758,0.9954337899543378,100-500
1257,0,0.0,0.0,0.0,0.0,0-5
1258,1,1.0,0.1111111111111111,1.0,1.0,0-5
1259,10,0.9,0.0,0.9,0.0,10-50
1260,139,0.9130434782608695,1.0,0.7553956834532374,0.17266187050359713,100-500
1261,2,0.6666666666666666,0.0,1.0,0.0,0-5
1262,3,0.75,0.0,1.0,0.0,0-5
1263,3,1.0,0.75,0.6666666666666666,1.0,0-5
1264,0,0.0,0.0,0.0,0.0,0-5
1265,5,1.0,0.0,1.0,0.0,5-10
1266,4,1.0,0.0,1.0,0.0,0-5
1267,4,0.21428571428571427,0.42857142857142855,0.75,0.75,0-5
1268,0,0.0,0.0,0.0,0.0,0-5
1269,2,1.0,0.0,1.0,0.0,0-5
1270,0,0.0,0.0,0.0,0.0,0-5
1271,7,0.7,0.7,1.0,1.0,5-10
1272,2,0.6666666666666666,0.0,1.0,0.0,0-5
1273,1,1.0,0.02631578947368421,1.0,1.0,0-5
1274,4,0.8,0.13333333333333333,1.0,1.0,0-5
1275,4,0.8,0.8,1.0,1.0,0-5
1276,0,0.0,0.0,0.0,0.0,0-5
1277,2,0.6666666666666666,0.0,1.0,0.0,0-5
1278,1,0.3333333333333333,0.0,1.0,0.0,0-5
1279,3,1.0,0.0,1.0,0.0,0-5
1280,1,1.0,0.06666666666666667,1.0,1.0,0-5
1281,3,1.0,0.0,1.0,0.0,0-5
1282,4,0.8,0.0,1.0,0.0,0-5
1283,2,1.0,0.08695652173913043,1.0,1.0,0-5
1284,1,0.5,0.0,1.0,0.0,0-5
1285,1,1.0,0.0,1.0,0.0,0-5
1286,1,1.0,0.0,1.0,0.0,0-5
1287,73,0.96875,1.0,0.8493150684931506,0.273972602739726,50-100
1288,1,1.0,0.0,1.0,0.0,0-5
1289,4,0.8,0.08333333333333333,1.0,1.0,0-5
1290,4,1.0,0.0,1.0,0.0,0-5
1291,1,1.0,0.0,1.0,0.0,0-5
1292,4,0.6666666666666666,0.4444444444444444,1.0,1.0,0-5
1293,4,1.0,0.0,0.25,0.0,0-5
1294,7,0.8571428571428571,0.5555555555555556,0.8571428571428571,0.7142857142857143,5-10
1295,2,1.0,0.0,1.0,0.0,0-5
1296,2,0.6666666666666666,0.0,1.0,0.0,0-5
1297,3,0.75,0.0,1.0,0.0,0-5
1298,121,0.9918032786885246,0.9918032786885246,1.0,1.0,100-500
1299,1,1.0,0.0,1.0,0.0,0-5
1300,1,1.0,0.0,1.0,0.0,0-5
1301,2,0.0,0.0,0.0,0.0,0-5
1302,0,0.0,0.0,0.0,0.0,0-5
1303,2,0.4,0.0,1.0,0.0,0-5
1304,2,1.0,0.18181818181818182,1.0,1.0,0-5
1305,414,0.9974025974025974,0.9922480620155039,0.927536231884058,0.30917874396135264,100-500
1306,5,0.625,0.0,1.0,0.0,5-10
1307,6,0.75,0.0,1.0,0.0,5-10
1308,2,0.6666666666666666,0.0,1.0,0.0,0-5
1309,3,1.0,0.0,1.0,0.0,0-5
1310,2,0.6666666666666666,0.0,1.0,0.0,0-5
1311,4,1.0,0.0,0.75,0.0,0-5
1312,3,1.0,0.0,1.0,0.0,0-5
1313,1,0.25,0.03333333333333333,1.0,1.0,0-5
1314,2,1.0,0.6666666666666666,1.0,1.0,0-5
1315,1,0.5,0.0,1.0,0.0,0-5
1316,2,0.5,0.09090909090909091,1.0,1.0,0-5
1317,16,0.9411764705882353,0.8888888888888888,1.0,1.0,10-50
1318,1,1.0,0.05263157894736842,1.0,1.0,0-5
1319,1,0.3333333333333333,0.3333333333333333,1.0,1.0,0-5
1320,8,0.8888888888888888,0.5333333333333333,1.0,1.0,5-10
1321,1,1.0,1.0,1.0,1.0,0-5
1322,4,1.0,0.26666666666666666,1.0,1.0,0-5
1323,5,1.0,0.0,1.0,0.0,5-10
1324,2,0.6666666666666666,0.125,1.0,1.0,0-5
1325,0,0.0,0.0,0.0,0.0,0-5
1326,0,0.0,0.0,0.0,0.0,0-5
1327,1,1.0,0.0,1.0,0.0,0-5
1328,0,0.0,0.0,0.0,0.0,0-5
1329,1,1.0,0.05,1.0,1.0,0-5
1330,1,0.5,0.0,1.0,0.0,0-5
1331,4,1.0,0.0,1.0,0.0,0-5
1332,0,0.0,0.0,0.0,0.0,0-5
1333,1,1.0,0.0,1.0,0.0,0-5
1334,72,0.972972972972973,0.9545454545454546,1.0,0.5833333333333334,50-100
1335,141,0.9929078014184397,0.7650273224043715,0.9929078014184397,0.9929078014184397,100-500
1336,1,1.0,1.0,1.0,1.0,0-5
1337,16,0.7272727272727273,0.0,0.5,0.0,10-50
1338,0,0.0,0.0,0.0,0.0,0-5
1339,4,0.5,0.0,0.75,0.0,0-5
1340,1,1.0,0.0,1.0,0.0,0-5
1341,0,0.0,0.0,0.0,0.0,0-5
1342,1,1.0,0.0,1.0,0.0,0-5
1343,6,0.75,0.08823529411764706,1.0,1.0,5-10
1344,0,0.0,0.0,0.0,0.0,0-5
1345,0,0.0,0.0,0.0,0.0,0-5
1346,9,0.75,0.7142857142857143,1.0,0.5555555555555556,5-10
1347,3,1.0,1.0,1.0,1.0,0-5
1348,0,0.0,0.0,0.0,0.0,0-5
1349,94,0.9894736842105263,0.9894736842105263,1.0,1.0,50-100
1350,1,1.0,0.0,1.0,0.0,0-5
1351,3,0.5,0.0,0.3333333333333333,0.0,0-5
1352,1,0.5,1.0,1.0,1.0,0-5
1353,2,1.0,0.0,1.0,0.0,0-5
1354,11,1.0,0.9166666666666666,1.0,1.0,10-50
1355,2,0.6666666666666666,0.18181818181818182,1.0,1.0,0-5
1356,16,0.8888888888888888,0.8888888888888888,1.0,1.0,10-50
1357,0,0.0,0.0,0.0,0.0,0-5
1358,2,1.0,0.0,1.0,0.0,0-5
1359,20,1.0,0.5428571428571428,0.9,0.95,10-50
1360,118,0.9833333333333333,1.0,1.0,0.9745762711864406,100-500
1361,2,1.0,0.0,0.5,0.0,0-5
1362,0,0.0,0.0,0.0,0.0,0-5
1363,4,0.6666666666666666,1.0,0.5,0.75,0-5
1364,1,1.0,0.0,1.0,0.0,0-5
1365,4,1.0,1.0,1.0,1.0,0-5
1366,6,0.8571428571428571,1.0,1.0,1.0,5-10
1367,2,1.0,0.5,0.5,0.5,0-5
1368,86,1.0,0.7818181818181819,1.0,1.0,50-100
1369,75,1.0,0.9259259259259259,1.0,1.0,50-100
1370,3,0.0,0.0,0.0,0.0,0-5
1371,44,1.0,0.6984126984126984,0.9772727272727273,1.0,10-50
1372,8,1.0,0.0,1.0,0.0,5-10
1373,2,1.0,0.0,1.0,0.0,0-5
1374,13,0.8125,0.5,1.0,0.46153846153846156,10-50
1375,8,1.0,0.0,0.625,0.0,5-10
1376,2,0.0,0.0,0.0,0.0,0-5
1377,23,0.9583333333333334,0.9583333333333334,1.0,1.0,10-50
1378,1,0.0,0.0,0.0,0.0,0-5
1379,7,1.0,0.5,1.0,1.0,5-10
1380,73,1.0,0.9864864864864865,1.0,1.0,50-100
1381,6,0.8571428571428571,0.6,1.0,1.0,5-10
1382,1,1.0,0.0,1.0,0.0,0-5
1383,1,0.0,0.0,0.0,0.0,0-5
1384,126,1.0,0.9618320610687023,1.0,1.0,100-500
1385,22,0.875,0.9411764705882353,0.9545454545454546,0.7272727272727273,10-50
1386,4,1.0,0.0,1.0,0.0,0-5
1387,49,1.0,0.9607843137254902,1.0,1.0,10-50
1388,6,0.75,0.6,1.0,1.0,5-10
1389,19,0.9375,1.0,0.7894736842105263,0.05263157894736842,10-50
1390,3,1.0,0.0,0.3333333333333333,0.0,0-5
1391,2,1.0,0.0,0.5,0.0,0-5
1392,2,0.6666666666666666,0.5,1.0,1.0,0-5
1393,104,1.0,0.9904761904761905,1.0,1.0,100-500
1394,48,0.9387755102040817,1.0,0.9583333333333334,0.9583333333333334,10-50
1395,2,0.0,0.0,0.0,0.0,0-5
1396,14,1.0,1.0,1.0,1.0,10-50
1397,3,1.0,1.0,1.0,1.0,0-5
1398,3,1.0,0.0,1.0,0.0,0-5
1399,39,1.0,0.8478260869565217,1.0,1.0,10-50
1400,50,0.9803921568627451,0.9259259259259259,1.0,1.0,50-100
1401,10,0.8,0.0,0.4,0.0,10-50
1402,1,1.0,1.0,1.0,1.0,0-5
1403,1,1.0,0.0,1.0,0.0,0-5
1404,4,1.0,0.0,1.0,0.0,0-5
1405,84,1.0,0.7567567567567568,0.9880952380952381,1.0,50-100
1406,29,1.0,1.0,1.0,1.0,10-50
1407,43,0.9333333333333333,0.9545454545454546,0.9767441860465116,0.9767441860465116,10-50
1408,23,0.9565217391304348,0.9583333333333334,0.9565217391304348,1.0,10-50
1409,2,1.0,0.0,1.0,0.0,0-5
1410,27,0.9642857142857143,0.0,1.0,0.0,10-50
1411,9,1.0,0.6,1.0,1.0,5-10
1412,2,1.0,0.2857142857142857,1.0,1.0,0-5
1413,0,0.0,0.0,0.0,0.0,0-5
1414,4,1.0,0.0,1.0,0.0,0-5
1415,13,1.0,0.0,1.0,0.0,10-50
1416,52,1.0,0.8928571428571429,1.0,0.9615384615384616,50-100
1417,2,1.0,0.0,0.5,0.0,0-5
1418,41,0.9761904761904762,1.0,1.0,0.926829268292683,10-50
1419,5,1.0,0.6666666666666666,1.0,0.8,5-10
1420,6,1.0,0.0,0.6666666666666666,0.0,5-10
1421,0,0.0,0.0,0.0,0.0,0-5
1422,2,0.0,0.0,0.0,0.0,0-5
1423,3,1.0,0.0,1.0,0.0,0-5
1424,0,0.0,0.0,0.0,0.0,0-5
1425,1,0.0,0.0,0.0,0.0,0-5
1426,11,1.0,0.0,1.0,0.0,10-50
1427,89,0.9888888888888889,0.9888888888888889,1.0,1.0,50-100
1428,12,0.8571428571428571,1.0,1.0,1.0,10-50
1429,49,0.9591836734693877,0.0,0.9591836734693877,0.0,10-50
1430,9,1.0,0.0,1.0,0.0,5-10
1431,2,1.0,0.0,1.0,0.0,0-5
1432,2,1.0,0.0,1.0,0.0,0-5
1433,3,0.5,0.0,0.3333333333333333,0.0,0-5
1434,1,1.0,0.0,1.0,0.0,0-5
1435,17,0.9444444444444444,0.8095238095238095,1.0,1.0,10-50
1436,1,1.0,0.0,1.0,0.0,0-5
1437,4,1.0,0.0,1.0,0.0,0-5
1438,0,0.0,0.0,0.0,0.0,0-5
1439,12,0.9166666666666666,0.0,0.9166666666666666,0.0,10-50
1440,2,1.0,0.13333333333333333,1.0,1.0,0-5
1441,0,0.0,0.0,0.0,0.0,0-5
1442,0,0.0,0.0,0.0,0.0,0-5
1443,3,1.0,1.0,1.0,1.0,0-5
1444,4,1.0,0.18181818181818182,1.0,1.0,0-5
1445,76,1.0,1.0,1.0,1.0,50-100
1446,77,0.9871794871794872,1.0,1.0,1.0,50-100
1447,3,1.0,0.25,1.0,1.0,0-5
1448,1,1.0,0.0,1.0,0.0,0-5
1449,124,0.976,0.8145695364238411,0.9838709677419355,0.9919354838709677,100-500
1450,1,0.0,0.0,0.0,0.0,0-5
1451,5,0.8,0.21052631578947367,0.8,0.8,5-10
1452,1,0.0,0.0,0.0,0.0,0-5
1453,1,0.0,0.0,0.0,0.0,0-5
1454,1,1.0,0.0,1.0,0.0,0-5
1455,49,1.0,1.0,1.0,1.0,10-50
1456,8,1.0,0.0,0.875,0.0,5-10
1457,7,1.0,0.2413793103448276,0.8571428571428571,1.0,5-10
1458,5,1.0,1.0,1.0,1.0,5-10
1459,3,0.6,0.0,1.0,0.0,0-5
1460,4,1.0,0.0,1.0,0.0,0-5
1461,12,1.0,0.7857142857142857,1.0,0.9166666666666666,10-50
1462,9,1.0,0.0,1.0,0.0,5-10
1463,5,1.0,0.0,0.6,0.0,5-10
1464,1,0.5,0.0,1.0,0.0,0-5
1465,0,0.0,0.0,0.0,0.0,0-5
1466,0,0.0,0.0,0.0,0.0,0-5
1467,2,1.0,0.0,0.5,0.0,0-5
1468,1,1.0,0.0,1.0,0.0,0-5
1469,130,0.9923664122137404,0.9923664122137404,1.0,1.0,100-500
1470,5,1.0,0.0,1.0,0.0,5-10
1471,9,1.0,0.9,1.0,1.0,5-10
1472,6,1.0,0.0,1.0,0.0,5-10
1473,11,1.0,1.0,1.0,1.0,10-50
1474,169,1.0,0.9464285714285714,1.0,0.9408284023668639,100-500
1475,0,0.0,0.0,0.0,0.0,0-5
1476,51,0.9444444444444444,0.9622641509433962,1.0,1.0,50-100
1477,32,1.0,0.8888888888888888,1.0,1.0,10-50
1478,5,1.0,1.0,1.0,1.0,5-10
1479,3,1.0,1.0,1.0,0.6666666666666666,0-5
1480,5,1.0,1.0,1.0,0.8,5-10
1481,174,1.0,0.9613259668508287,0.9942528735632183,1.0,100-500
1482,8,1.0,1.0,1.0,1.0,5-10
1483,0,0.0,0.0,0.0,0.0,0-5
1484,2,1.0,1.0,1.0,1.0,0-5
1485,87,1.0,0.9354838709677419,1.0,1.0,50-100
1486,132,0.9705882352941176,1.0,1.0,0.9924242424242424,100-500
1487,1,1.0,0.0,1.0,0.0,0-5
1488,2,1.0,0.0,1.0,0.0,0-5
1489,4,1.0,1.0,1.0,1.0,0-5
1490,40,1.0,0.8695652173913043,1.0,1.0,10-50
1491,12,0.7857142857142857,0.875,0.9166666666666666,0.5833333333333334,10-50
1492,0,0.0,0.0,0.0,0.0,0-5
1493,57,0.9655172413793104,0.8958333333333334,0.9824561403508771,0.7543859649122807,50-100
1494,2,1.0,0.0,1.0,0.0,0-5
1495,7,0.875,0.0,1.0,0.0,5-10
1496,13,1.0,0.7647058823529411,1.0,1.0,10-50
1497,9,1.0,0.0,1.0,0.0,5-10
1498,4,1.0,0.0,0.75,0.0,0-5
1499,2,0.6666666666666666,0.2857142857142857,1.0,1.0,0-5
1500,96,0.9896907216494846,0.8495575221238938,1.0,1.0,50-100
1501,21,0.9545454545454546,0.5833333333333334,1.0,1.0,10-50
1502,3,1.0,1.0,1.0,1.0,0-5
1503,4,1.0,0.5714285714285714,1.0,1.0,0-5
1504,7,1.0,0.16279069767441862,1.0,1.0,5-10
1505,10,1.0,0.0,1.0,0.0,10-50
1506,2,1.0,0.0,0.5,0.0,0-5
1507,0,0.0,0.0,0.0,0.0,0-5
1508,11,0.8461538461538461,0.0,1.0,0.0,10-50
1509,4,1.0,0.0,1.0,0.0,0-5
1510,8,1.0,0.36363636363636365,0.875,1.0,5-10
1511,15,0.8333333333333334,0.8333333333333334,1.0,1.0,10-50
1512,29,1.0,1.0,1.0,1.0,10-50
1513,2,1.0,0.0,0.5,0.0,0-5
1514,45,0.9565217391304348,0.9361702127659575,0.9777777777777777,0.9777777777777777,10-50
1515,3,1.0,0.0,0.3333333333333333,0.0,0-5
1516,3,1.0,0.75,1.0,1.0,0-5
1517,0,0.0,0.0,0.0,0.0,0-5
1518,2,1.0,0.0,1.0,0.0,0-5
1519,10,0.8333333333333334,1.0,0.5,0.1,10-50
1520,0,0.0,0.0,0.0,0.0,0-5
1521,1,1.0,0.0,1.0,0.0,0-5
1522,1,0.3333333333333333,0.0,1.0,0.0,0-5
1523,10,0.9090909090909091,0.45,1.0,0.9,10-50
1524,162,0.9938271604938271,0.9636363636363636,0.9938271604938271,0.654320987654321,100-500
1525,40,1.0,1.0,1.0,1.0,10-50
1526,2,0.0,0.0,0.0,0.0,0-5
1527,19,1.0,1.0,1.0,1.0,10-50
1528,271,1.0,1.0,0.988929889298893,0.996309963099631,100-500
1529,22,1.0,0.3548387096774194,1.0,1.0,10-50
1530,2,1.0,0.0,1.0,0.0,0-5
1531,58,1.0,0.9830508474576272,1.0,1.0,50-100
1532,1,1.0,0.0,1.0,0.0,0-5
1533,3,1.0,0.0,0.6666666666666666,0.0,0-5
1534,7,1.0,0.28,1.0,1.0,5-10
1535,2,0.0,0.0,0.0,0.0,0-5
1536,1,0.0,0.0,0.0,0.0,0-5
1537,1,1.0,0.0,1.0,0.0,0-5
1538,3,0.6,0.42857142857142855,1.0,1.0,0-5
1539,9,1.0,0.0,0.8888888888888888,0.0,5-10
1540,31,1.0,1.0,1.0,1.0,10-50
1541,165,0.9938650306748467,0.9877300613496932,0.9818181818181818,0.9757575757575757,100-500
1542,15,1.0,0.9375,1.0,1.0,10-50
1543,0,0.0,0.0,0.0,0.0,0-5
1544,2,0.6666666666666666,0.0,1.0,0.0,0-5
1545,9,1.0,0.6923076923076923,1.0,1.0,5-10
1546,8,1.0,1.0,1.0,1.0,5-10
1547,49,1.0,1.0,1.0,1.0,10-50
1548,165,1.0,0.953757225433526,1.0,1.0,100-500
1549,56,1.0,0.875,1.0,1.0,50-100
1550,14,1.0,0.5909090909090909,1.0,0.9285714285714286,10-50
1551,1,0.5,0.058823529411764705,1.0,1.0,0-5
1552,0,0.0,0.0,0.0,0.0,0-5
1553,21,0.9545454545454546,1.0,1.0,1.0,10-50
1554,3,1.0,0.0,1.0,0.0,0-5
1555,5,0.7142857142857143,0.0,1.0,0.0,5-10
1556,4,1.0,0.0,0.5,0.0,0-5
1557,4,1.0,0.0,1.0,0.0,0-5
1558,171,1.0,0.9606741573033708,1.0,1.0,100-500
1559,9,1.0,0.9,1.0,1.0,5-10
1560,0,0.0,0.0,0.0,0.0,0-5
1561,3,1.0,0.18181818181818182,0.6666666666666666,0.6666666666666666,0-5
1562,1,1.0,1.0,1.0,1.0,0-5
1563,14,1.0,0.0,1.0,0.0,10-50
1564,21,1.0,0.4666666666666667,1.0,1.0,10-50
1565,1,1.0,0.0,1.0,0.0,0-5
1566,34,0.9714285714285714,0.918918918918919,1.0,1.0,10-50
1567,5,1.0,0.0,0.6,0.0,5-10
1568,2,0.0,0.0,0.0,0.0,0-5
1569,3,1.0,0.0,1.0,0.0,0-5
1570,68,0.9855072463768116,0.9714285714285714,1.0,1.0,50-100
1571,9,0.8571428571428571,0.0,0.6666666666666666,0.0,5-10
1572,3,1.0,0.75,1.0,1.0,0-5
1573,1,0.5,0.0,1.0,0.0,0-5
1574,1,1.0,0.0,1.0,0.0,0-5
1575,2,0.6666666666666666,0.0,1.0,0.0,0-5
1576,0,0.0,0.0,0.0,0.0,0-5
1577,3,1.0,1.0,1.0,1.0,0-5
1578,0,0.0,0.0,0.0,0.0,0-5
1579,1,1.0,1.0,1.0,1.0,0-5
1580,1,1.0,1.0,1.0,1.0,0-5
1581,1,0.0,0.0,0.0,0.0,0-5
1582,0,0.0,0.0,0.0,0.0,0-5
1583,16,0.9411764705882353,0.9411764705882353,1.0,1.0,10-50
1584,0,0.0,0.0,0.0,0.0,0-5
1585,2,0.0,0.0,0.0,0.0,0-5
1586,5,1.0,1.0,1.0,1.0,5-10
1587,200,1.0,1.0,1.0,1.0,100-500
1588,12,0.8571428571428571,0.8571428571428571,1.0,1.0,10-50
1589,5,1.0,0.7142857142857143,0.6,1.0,5-10
1590,0,0.0,0.0,0.0,0.0,0-5
1591,2,0.6666666666666666,0.0,1.0,0.0,0-5
1592,57,1.0,1.0,1.0,1.0,50-100
1593,151,1.0,0.9741935483870968,1.0,1.0,100-500
1594,3,0.6,0.0,1.0,0.0,0-5
1595,0,0.0,0.0,0.0,0.0,0-5
1596,0,0.0,0.0,0.0,0.0,0-5
1597,2,1.0,0.0,1.0,0.0,0-5
1598,10,1.0,0.4166666666666667,1.0,1.0,10-50
1599,68,0.9402985074626866,1.0,0.9264705882352942,0.8823529411764706,50-100
1600,2,1.0,0.0,1.0,0.0,0-5
1601,14,0.9333333333333333,0.6363636363636364,1.0,1.0,10-50
1602,110,1.0,1.0,1.0,1.0,100-500
1603,29,0.6774193548387096,0.2,0.7241379310344828,1.0,10-50
1604,10,1.0,1.0,1.0,1.0,10-50
1605,7,1.0,0.3333333333333333,0.7142857142857143,0.14285714285714285,5-10
1606,3,1.0,0.0,1.0,0.0,0-5
1607,5,1.0,1.0,1.0,1.0,5-10
1608,3,1.0,0.42857142857142855,1.0,1.0,0-5
1609,5,0.7142857142857143,1.0,1.0,0.2,5-10
1610,2,0.0,0.0,0.0,0.0,0-5
1611,0,0.0,0.0,0.0,0.0,0-5
1612,3,0.5,0.0,0.3333333333333333,0.0,0-5
1613,127,1.0,0.9694656488549618,0.9921259842519685,1.0,100-500
1614,3,1.0,0.0,1.0,0.0,0-5
1615,1,1.0,0.0,1.0,0.0,0-5
1616,0,0.0,0.0,0.0,0.0,0-5
1617,116,0.9914529914529915,0.9914529914529915,1.0,1.0,100-500
1618,1,1.0,0.0,1.0,0.0,0-5
1619,128,1.0,1.0,0.9921875,1.0,100-500
1620,13,1.0,0.5652173913043478,1.0,1.0,10-50
1621,7,1.0,0.0,0.42857142857142855,0.0,5-10
1622,0,0.0,0.0,0.0,0.0,0-5
1623,3,0.5,0.034482758620689655,0.6666666666666666,1.0,0-5
1624,9,0.9,0.75,1.0,1.0,5-10
1625,5,0.8333333333333334,0.0,1.0,0.0,5-10
1626,1,0.5,0.0,1.0,0.0,0-5
1627,12,0.8333333333333334,0.5454545454545454,0.8333333333333334,1.0,10-50
1628,50,1.0,1.0,1.0,1.0,50-100
1629,13,1.0,0.7222222222222222,1.0,1.0,10-50
1630,17,1.0,0.8888888888888888,0.9411764705882353,0.9411764705882353,10-50
1631,2,0.6666666666666666,0.0,1.0,0.0,0-5
1632,2,0.0,0.0,0.0,0.0,0-5
1633,1,0.5,0.0,1.0,0.0,0-5
1634,4,1.0,0.8,0.75,1.0,0-5
1635,28,0.9655172413793104,0.9655172413793104,1.0,1.0,10-50
1636,2,1.0,0.0,1.0,0.0,0-5
1637,14,1.0,0.7,1.0,1.0,10-50
1638,2,1.0,0.0,1.0,0.0,0-5
1639,3,1.0,0.0,1.0,0.0,0-5
1640,7,0.5,0.0,0.7142857142857143,0.0,5-10
1641,206,0.9808612440191388,0.943127962085308,0.9951456310679612,0.9660194174757282,100-500
1642,175,0.9941860465116279,0.9613259668508287,0.9771428571428571,0.9942857142857143,100-500
1643,4,0.5,0.0,1.0,0.0,0-5
1644,2,1.0,0.6666666666666666,1.0,1.0,0-5
1645,77,0.9746835443037974,0.9058823529411765,1.0,1.0,50-100
1646,20,1.0,0.8695652173913043,1.0,1.0,10-50
1647,3,1.0,0.0,1.0,0.0,0-5
1648,3,1.0,0.0,1.0,0.0,0-5
1649,3,0.75,0.0,1.0,0.0,0-5
1650,42,0.9545454545454546,0.9333333333333333,1.0,1.0,10-50
1651,143,1.0,0.9927536231884058,0.958041958041958,0.958041958041958,100-500
1652,9,1.0,0.5625,1.0,1.0,5-10
1653,2,1.0,1.0,1.0,0.5,0-5
1654,181,0.988950276243094,0.8818181818181818,0.988950276243094,0.5359116022099447,100-500
1655,18,1.0,1.0,0.9444444444444444,0.3333333333333333,10-50
1656,5,1.0,1.0,1.0,1.0,5-10
1657,5,1.0,0.0,1.0,0.0,5-10
1658,0,0.0,0.0,0.0,0.0,0-5
1659,0,0.0,0.0,0.0,0.0,0-5
1660,2,1.0,0.0,0.5,0.0,0-5
1661,35,1.0,0.7142857142857143,1.0,1.0,10-50
1662,1,0.0,0.0,0.0,0.0,0-5
1663,21,0.84,1.0,1.0,1.0,10-50
1664,6,1.0,1.0,1.0,1.0,5-10
1665,25,1.0,0.0,1.0,0.0,10-50
1666,204,1.0,0.966824644549763,1.0,1.0,100-500
1667,130,0.9923664122137404,0.7831325301204819,1.0,1.0,100-500
1668,5,1.0,0.0,1.0,0.0,5-10
1669,78,0.9871794871794872,1.0,0.9871794871794872,1.0,50-100
1670,18,0.9473684210526315,1.0,1.0,0.7222222222222222,10-50
1671,0,0.0,0.0,0.0,0.0,0-5
1672,2,1.0,0.07142857142857142,0.5,0.5,0-5
1673,6,1.0,0.0,1.0,0.0,5-10
1674,1,1.0,1.0,1.0,1.0,0-5
1675,1,0.0,0.0,0.0,0.0,0-5
1676,12,0.9230769230769231,0.875,1.0,0.5833333333333334,10-50
1677,4,1.0,0.0,1.0,0.0,0-5
1678,1,0.0,0.0,0.0,0.0,0-5
1679,2,0.4,1.0,1.0,1.0,0-5
1680,34,0.9666666666666667,0.0,0.8529411764705882,0.0,10-50
1681,1,1.0,0.0,1.0,0.0,0-5
1682,1,1.0,0.0,1.0,0.0,0-5
1683,2,0.6666666666666666,0.0,1.0,0.0,0-5
1684,0,0.0,0.0,0.0,0.0,0-5
1685,195,0.9948979591836735,0.9512195121951219,1.0,1.0,100-500
1686,1,0.0,0.0,0.0,0.0,0-5
1687,2,1.0,0.3333333333333333,1.0,1.0,0-5
1688,6,1.0,0.6,1.0,1.0,5-10
1689,164,1.0,0.9534883720930233,0.9939024390243902,1.0,100-500
1690,54,0.9818181818181818,0.9310344827586207,1.0,1.0,50-100
1691,1,0.0,0.0,0.0,0.0,0-5
1692,1,1.0,0.07142857142857142,1.0,1.0,0-5
1693,3,0.6,0.0,1.0,0.0,0-5
1694,3,1.0,0.0,0.3333333333333333,0.0,0-5
1695,2,0.5,0.0,1.0,0.0,0-5
1696,61,0.9838709677419355,0.9838709677419355,1.0,1.0,50-100
1697,4,1.0,0.0,1.0,0.0,0-5
1698,2,1.0,0.1111111111111111,1.0,1.0,0-5
1699,0,0.0,0.0,0.0,0.0,0-5
1700,1,0.3333333333333333,0.0,1.0,0.0,0-5
1701,2,0.0,0.0,0.0,0.0,0-5
1702,8,0.875,1.0,0.875,0.875,5-10
1703,0,0.0,0.0,0.0,0.0,0-5
1704,40,0.975,0.9736842105263158,0.975,0.925,10-50
1705,55,1.0,1.0,0.9818181818181818,0.8727272727272727,50-100
1706,1,0.0,0.0,0.0,0.0,0-5
1707,1,0.0,0.0,0.0,0.0,0-5
1708,0,0.0,0.0,0.0,0.0,0-5
1709,2,1.0,0.0,1.0,0.0,0-5
1710,0,0.0,0.0,0.0,0.0,0-5
1711,9,1.0,0.0,1.0,0.0,5-10
1712,1,0.5,0.0,1.0,0.0,0-5
1713,19,1.0,0.8636363636363636,0.9473684210526315,1.0,10-50
1714,3,1.0,0.0,1.0,0.0,0-5
1715,0,0.0,0.0,0.0,0.0,0-5
1716,21,1.0,1.0,1.0,1.0,10-50
1717,0,0.0,0.0,0.0,0.0,0-5
1718,172,0.9941860465116279,0.9772727272727273,0.9941860465116279,1.0,100-500
1719,2,1.0,0.0,1.0,0.0,0-5
1720,82,1.0,1.0,1.0,1.0,50-100
1721,3,1.0,0.75,1.0,1.0,0-5
1722,6,1.0,0.0,1.0,0.0,5-10
1723,0,0.0,0.0,0.0,0.0,0-5
1724,194,0.9947089947089947,0.9748743718592965,0.9690721649484536,1.0,100-500
1725,239,1.0,0.991701244813278,1.0,1.0,100-500
1726,11,1.0,0.7333333333333333,1.0,1.0,10-50
1727,3,1.0,1.0,1.0,1.0,0-5
1728,16,1.0,0.0,0.875,0.0,10-50
1729,2,0.4,0.0,1.0,0.0,0-5
1730,1,1.0,0.0,1.0,0.0,0-5
1731,191,1.0,1.0,0.9947643979057592,0.9214659685863874,100-500
1732,123,1.0,1.0,1.0,1.0,100-500
1733,12,1.0,1.0,0.9166666666666666,1.0,10-50
1734,59,1.0,0.9833333333333333,1.0,1.0,50-100
1735,170,1.0,0.9826589595375722,1.0,1.0,100-500
1736,7,0.875,0.0,1.0,0.0,5-10
1737,3,1.0,0.5,1.0,0.6666666666666666,0-5
1738,1,1.0,0.14285714285714285,1.0,1.0,0-5
1739,2,1.0,0.0,1.0,0.0,0-5
1740,1,1.0,0.3333333333333333,1.0,1.0,0-5
1741,48,1.0,0.8571428571428571,0.9791666666666666,1.0,10-50
1742,256,0.9922480620155039,0.9922480620155039,1.0,1.0,100-500
1743,4,1.0,0.0,1.0,0.0,0-5
1744,25,1.0,1.0,1.0,1.0,10-50
1745,0,0.0,0.0,0.0,0.0,0-5
1746,12,1.0,0.9230769230769231,1.0,1.0,10-50
1747,8,1.0,0.0,1.0,0.0,5-10
1748,14,0.7058823529411765,0.0,0.8571428571428571,0.0,10-50
1749,1,1.0,0.0,1.0,0.0,0-5
1750,27,1.0,0.4,0.8148148148148148,0.8148148148148148,10-50
1751,1,0.0,0.0,0.0,0.0,0-5
1752,2,1.0,0.0,1.0,0.0,0-5
1753,9,1.0,0.0,1.0,0.0,5-10
1754,0,0.0,0.0,0.0,0.0,0-5
1755,0,0.0,0.0,0.0,0.0,0-5
1756,3,1.0,0.0,1.0,0.0,0-5
1757,1,1.0,0.0,1.0,0.0,0-5
1758,4,1.0,0.0,1.0,0.0,0-5
1759,31,1.0,1.0,1.0,1.0,10-50
1760,18,0.8947368421052632,0.42857142857142855,0.9444444444444444,0.8333333333333334,10-50
1761,5,0.8333333333333334,0.0,1.0,0.0,5-10
1762,2,1.0,0.0,1.0,0.0,0-5
1763,0,0.0,0.0,0.0,0.0,0-5
1764,1373,1.0,1.0,0.9985433357611071,1.0,>1000
